,Address,Animal Units,Electricity incentive (USD/year),Manure generated (kg/year),Mass TP recovered (kg/year),NPV (USD),Net revenue (USD/year),Pcredits (USD/year),Phosphorus released generated (kg/year),Process capital cost (USD),Process operation cost (USD/year),Process operation cost amortized (USD/year),Profitable,Recommended,Struvite revenues (USD/year),Total incentives (USD/year),Total manure (lbs/yr) ,Total manure method 2 (lbs/yr),Type,latitude,longitude,node ,number,tech_selected
0,"W6920 Grogan Rd, Fort Atkinson, WI 53538",1000,0.0,10432795.0,6125.59654602431,-62545.153733126754,-88102.41914481437,0.0,8346.235999999999,1049140.9709612187,64205.72871046956,114164.82256576569,No,No,26062.40342095132,0.0,37986000.0,37986000.0,beef,42.856751,-88.877218,n1,1,MULTIFORM
1,"9819 S Gustafson Rd, Clinton, WI 53525",2013,0.0,21001216.335,12330.825847146938,-68277.43232835096,-126798.43606326771,0.0,16800.973068000003,1053430.7707055672,129098.68411604429,179262.05414964273,No,No,52463.61808637502,0.0,76465818.0,76465818.0,beef,42.5343778,-88.91158809999999,n2,2,MULTIFORM
2,"N9577 County Road F, Alma Center, WI 54611",1214,0.0,12665413.13,7436.474206873514,-63702.462759140086,-96203.5823269077,0.0,10132.330504000001,1049140.9709612187,77884.24622464647,127843.3400799426,No,No,31639.75775303491,0.0,46115004.0,46115004.0,beef,44.416614100000004,-90.9155646,n3,3,MULTIFORM
3,"464 Canal Road, Marshall, WI 53559",1604,0.0,16734203.18,9825.45685982299,-66065.56601227875,-111315.37185076228,0.0,13387.362544,1053430.7707055672,102956.09690436976,153119.46693796822,No,No,41804.09508720591,0.0,60929544.0,60929544.0,beef,43.188333899999996,-89.04151970000001,n4,4,MULTIFORM
4,"W7889 Reliance Road, Whitewater, WI 53190",860,0.0,8972203.7,5268.013029580907,-61788.03567872551,-82802.59276400565,0.0,7177.76296,1049140.9709612187,55257.16585072765,105216.25970602379,No,No,22413.666942018135,0.0,32667960.0,32667960.0,beef,42.80393,-88.686927,n5,5,MULTIFORM
5,"W11819 Blanecae Rd, Randolph, WI 53956",2792,0.0,29128363.64,17102.665556499876,-72701.2761665862,-156850.07123569702,0.0,23302.690912000002,1056176.5857912193,179322.1784540779,229616.3015869931,No,No,72766.2303512961,0.0,106056912.0,106056912.0,beef,43.60985,-88.994787,n6,6,MULTIFORM
6,"N3432 Cty BB, Columbus, WI 53925",1500,0.0,15649192.5,9188.394819036466,-65503.13545758069,-107378.35796787581,0.0,12519.354000000001,1053430.7707055672,96308.59306570434,146471.96309930278,No,No,39093.60513142697,0.0,56979000.0,56979000.0,beef,43.319185,-88.909296,n7,7,MULTIFORM
7,"E10941 River Rd, Sauk City, WI 53583",1105,0.0,11528238.475000001,6768.784183356865,-63112.992273927695,-92077.28893042092,0.0,9222.59078,1049140.9709612187,70917.150855276,120876.24471057214,No,No,28798.955780151216,0.0,41974530.0,41974530.0,beef,43.2619017,-89.7766429,n8,8,MULTIFORM
8,"N8148 Schaefer Rd, Malone, WI 53049",2521,0.0,34854653.98550001,21956.430579163167,-111114.7198217769,-217410.84348869848,0.0,27883.723188400007,1681176.5857912193,230079.03073526936,310135.05863008933,No,No,92724.21514139086,0.0,76395056.03244771,76616400.70588829,dairy ,43.835418,-88.293544,n9,9,MULTIFORM
9,"W4050 Cty Rd UU, Eden, WI 53019",2531,0.0,34992911.2405,22043.524710774287,-111192.06585673214,-217952.26573338517,0.0,27994.328992400002,1681176.5857912193,230988.26025937445,311044.2881541944,No,No,93092.02242080928,0.0,76698090.7648255,76920318.75410691,dairy ,43.702028999999996,-88.35827900000001,n10,10,MULTIFORM
10,"E2850 STH 72, Menomonie, WI 54751",4461,0.0,61676561.45550001,38852.69211172031,-126119.85060309328,-322446.7589579132,0.0,49341.24916440001,1681176.5857912193,406469.5584116631,486525.5863064831,No,No,164078.82734856987,0.0,135183794.113744,135576502.060281,dairy ,44.7769139,-92.0169157,n11,11,MULTIFORM
11,"N8322 County Rd Y, Seymour, WI 54165",1929,0.0,26669824.4895,16800.45798778491,-72311.20644614729,-155034.85488784188,0.0,21335.8595916,1053430.7707055672,175821.50905406216,225984.87908766058,No,No,70950.02419981871,0.0,58455399.87568089,58624452.2513521,dairy ,44.53579439999999,-88.2665348,n12,12,MULTIFORM
12,"N2729 Faas Road, Oostburg, WI 53070",1237,0.0,17102422.4435,10773.544080295453,-66958.86082724473,-117568.43555552402,0.0,13681.937954800002,1053430.7707055672,112902.82598598764,163066.1960195861,No,No,45497.76046406207,0.0,37485396.395136,37593323.314630605,dairy ,43.637721899999995,-87.806783,n13,13,MULTIFORM
13,"N17388 Cty Rd T, Galesville, WI 54630",2233,0.0,30872845.041500002,19448.11958876293,-74873.54857288912,-172055.97807981752,0.0,24698.276033200003,1056176.5857912193,203893.22044104183,254187.34357395704,No,No,82131.36549413952,0.0,67667655.7399666,67863560.91719499,dairy ,44.090455600000006,-91.3594705,n14,14,MULTIFORM
14,"E4361 County Road G, Kewaunee, WI 54216",1972,0.0,27264330.686,17174.96275371272,-72643.7943964548,-157362.97053999454,0.0,21811.464548800002,1053430.7707055672,179731.19600771417,229894.5660413126,No,No,72531.59550131805,0.0,59758449.224905506,59931299.8586917,dairy ,44.3693359,-87.549178,n15,15,MULTIFORM
15,"N7232 Hill Creek Road, Sheldon, WI 54766",1246,0.0,17226853.972999997,10851.928798745459,-67028.47225870444,-118055.715575742,0.0,13781.4831784,1053430.7707055672,113721.13255768223,163884.50259128067,No,No,45828.78701553867,0.0,37758127.654276,37866849.5580273,dairy ,45.2938422,-90.9225381999999,n16,16,MULTIFORM
16,"4304 N 5th Road, Pound, WI 54161",9943,0.0,137469188.6465,86597.69506093588,-170530.08287806655,60323.14564475362,0.0,109975.3509172,3762101.1773736575,126239.95716797827,305387.6322810096,Yes,No,365710.7779257632,0.0,301307434.403264,302184376.09367204,dairy ,45.079823,-87.97310300000001,n17,17,CRYSTALACTOR
17,"W861 Cty Rd A, Dorchester, WI 54425",3028,0.0,41864296.813999996,26372.103051846912,-115036.1637940075,-244860.95129431278,0.0,33491.4374512,1681176.5857912193,276176.967607399,356232.99550221895,No,No,111372.04420790615,0.0,91758916.964003,92025045.7505672,dairy ,44.99590560000001,-90.32809519999991,n18,18,MULTIFORM
18,"W2031 CTH K, Unity, WI 54488",4440,0.0,61386221.220000006,38669.79443533695,-125957.42392968728,-321309.77224407124,0.0,49108.976976000005,1681176.5857912193,404560.1764110424,484616.20430586237,No,No,163306.43206179113,0.0,134547421.175751,134938274.159022,dairy ,44.851343,-90.3215731999999,n19,19,MULTIFORM
19,"15724 Hillcreek Rd, Valders, WI 54245",1280,0.0,17696928.64,11148.048846223266,-67291.44877755224,-119896.55120767672,0.0,14157.542912,1053430.7707055672,116812.51293963967,166975.88297323813,No,No,47079.3317655614,0.0,38788445.7443606,38900170.92197029,dairy ,44.0371681,-87.8945312,n20,20,MULTIFORM
20,"N9179 County Rd W, Campbellsport, WI 53010",1874,0.0,25909409.587,16321.440263923752,-71885.80325389348,-152057.03254206514,0.0,20727.5276696,1053430.7707055672,170820.74667148394,220984.11670508236,No,No,68927.08416301725,0.0,56788708.8476029,56952902.986150205,dairy ,43.5981291,-88.2851835,n21,21,MULTIFORM
21,"16768 Bethel Grove Road, Belmont, WI 53510",1586,0.0,21927600.642999995,13813.129273523513,-69658.23744718258,-136464.07189508888,0.0,17542.080514399997,1053430.7707055672,144634.93637725635,194798.3064108548,No,No,58334.23451576591,0.0,48061308.555121794,48200063.1974569,dairy ,42.7394121,-90.2867220999999,n22,22,MULTIFORM
22,"W1630 Redwood Dr, Pulaski, WI 54162",2893,0.0,39997823.8715,25196.3322750968,-113991.99232211178,-237551.7509910427,0.0,31998.2590972,1681176.5857912193,263902.3690319799,343958.39692679985,No,No,106406.64593575713,0.0,87667948.07690251,87922152.0996172,dairy ,44.64599260000001,-88.3176783,n23,23,MULTIFORM
23,"N8128 Town Hall Rd, Black Creek, WI 54106",3078,0.0,42555583.088999994,26807.57370990251,-115422.8939687837,-247568.06251774618,0.0,34044.466471199994,1681176.5857912193,280723.11522792466,360779.14312274463,No,No,113211.08060499844,0.0,93274090.62589209,93544635.9916598,dairy ,44.532201,-88.4199778999999,n24,24,MULTIFORM
24,"W13887 Cty Rd D, Melrose, WI 54642",1529,0.0,21139534.2895,13316.692723340137,-69217.36504793772,-133377.9651003749,0.0,16911.6274316,1053430.7707055672,139452.32808985724,189615.6981234557,No,No,56237.73302308078,0.0,46334010.5805682,46467730.3226114,dairy ,44.1416834,-91.006399,n25,25,MULTIFORM
25,"9267 State Hwy 22 E, Gillett, WI 54124",970,0.0,13410953.735,8448.13076627857,-64639.73302091891,-102764.4741593595,0.0,10728.762988,1049140.9709612187,88482.68640765286,138441.780262949,No,No,35677.3061035895,0.0,29394369.040648304,29478711.427196197,dairy ,44.893809000000005,-88.22461700000001,n26,26,MULTIFORM
26,"1329 Menchalville Rd, Reedsville, WI 54230",1979,0.0,18789160.9545,11836.092485951109,-67902.48245369864,-124173.78694070144,0.0,15031.3287636,1053430.7707055672,123995.42618007014,174158.7962136686,No,No,49985.00927296714,0.0,59970573.53756999,60144042.4924447,dairy ,44.115082,-87.879446,n27,27,MULTIFORM
27,"1329 Menchalville Rd, Reedsville, WI 54230",1359,0.0,18789160.9545,11836.092485951109,-67902.48245369864,-124173.78694070144,0.0,15031.3287636,1053430.7707055672,123995.42618007014,174158.7962136686,No,No,49985.00927296714,0.0,41182420.1301454,41301123.5028966,dairy ,44.115082,-87.879446,n28,28,MULTIFORM
28,"7502 Patton Rd, DeForest, WI 53532",1699,0.0,37052944.34,23341.22727177997,-112344.5217775652,-226019.4571792166,0.0,29642.355472000003,1681176.5857912193,244535.7801685408,324591.8080633608,No,No,98572.35088414421,0.0,51485601.0309911,51634337.142326206,dairy ,43.267488799999995,-89.4217271,n29,29,MULTIFORM
29,"7502 Patton Rd, DeForest, WI 53532",2680,0.0,37052944.34,23341.22727177997,-112344.5217775652,-226019.4571792166,0.0,29642.355472000003,1681176.5857912193,244535.7801685408,324591.8080633608,No,No,98572.35088414421,0.0,81213308.277255,81448697.6725628,dairy ,43.267488799999995,-89.4217271,n30,30,MULTIFORM
30,"10818 Pine Knob Lane, Stitzer, WI 53825",1930,0.0,26683650.215000007,16809.16740094602,-72318.9410496428,-155088.99711231052,0.0,21346.920172000006,1053430.7707055672,175912.43200647263,226075.80204007105,No,No,70986.80492776055,0.0,58485703.3489187,58654844.0561739,dairy ,42.8987584,-90.5392251999999,n31,31,MULTIFORM
31,"426 165th St, Hammond, WI 54015",1514,0.0,20932148.406999998,13186.051525923456,-69101.34599550483,-132565.83173334485,0.0,16745.7187256,1053430.7707055672,138088.4838036995,188251.85383729794,No,No,55686.02210395307,0.0,45879458.4820015,46011853.2502836,dairy ,44.9228448,-92.4684056999999,n32,32,MULTIFORM
32,"W2184 Cty Rd K, Durand, WI 54736",1291,0.0,17849011.620500002,11243.852390995497,-67376.52941600302,-120492.11567683205,0.0,14279.209296400002,1053430.7707055672,117812.6654161553,167976.03544975375,No,No,47483.91977292169,0.0,39121783.949976206,39234480.775010705,dairy ,44.5058711,-91.96921800000001,n33,33,MULTIFORM
33,"1734 Wayside Rd, Greenleaf, WI 54126",1344,0.0,18581775.072,11705.45128853443,-67786.46340126578,-123361.6535736714,0.0,14865.4200576,1053430.7707055672,122631.58189391244,172794.9519275109,No,No,49433.298353839484,0.0,40727868.0315786,40845246.4305688,dairy ,44.253726,-88.0882489999999,n34,34,MULTIFORM
34,"W1984 Cty Rd K, Durand, WI 54726",2370,0.0,32766969.435,20641.30919183527,-75933.18925177591,-179473.46283202493,0.0,26213.575548,1056176.5857912193,216349.66492128198,266643.7880541972,No,No,87170.32522217227,0.0,71819231.5735427,72027238.1777887,dairy ,44.626354299999996,-91.9657259999999,n35,35,MULTIFORM
35,"P.O. Box 122, Coloma, WI 54930",2655,0.0,36707301.2025,23123.491942752164,-112151.15669017709,-224665.90156749985,0.0,29365.840962000002,1681176.5857912193,242262.70635827794,322318.7342530979,No,No,97652.83268559806,0.0,80455721.4463105,80688902.5520165,dairy ,44.035481700000005,-89.52240040000001,n36,36,MULTIFORM
36,"E7803 90th Ave, Mondovi, WI 54755",1860,0.0,25715849.430000003,16199.508479668186,-71777.51880495614,-151299.04139950377,0.0,20572.679544000002,1053430.7707055672,169547.82533773678,219711.1953713352,No,No,68412.15397183143,0.0,56364460.222274,56527417.7186443,dairy ,44.7147096,-91.7682251,n37,37,MULTIFORM
37,"W4733 Cty Hwy C, Neillsville, WI 54456",2574,0.0,35587417.437,22418.029476702093,-111524.65380703966,-220280.3813855378,0.0,28469.933949600003,1681176.5857912193,234897.94721302643,314953.97510784643,No,No,94673.59372230862,0.0,78001140.11405009,78227166.3614465,dairy ,44.6108027,-90.53627420000001,n38,38,MULTIFORM
38,"2920 N. Swede Rd. , Radisson, WI 54867",1859,0.0,25702023.704500005,16190.799066507074,-71769.78420146061,-151244.89917503513,0.0,20561.618963600005,1053430.7707055672,169456.90238532628,219620.27241892472,No,No,68375.37324388957,0.0,56334156.74903621,56497025.913822494,dairy ,45.7418973,-91.1920483,n39,39,MULTIFORM
39,"3586 Cooperstown Rd, De Pere, WI 54115",2250,0.0,31107882.37500001,19596.179612501837,-75005.03683231302,-172976.39589578487,0.0,24886.305900000007,1056176.5857912193,205438.91063202056,255733.03376493577,No,No,82756.63786915092,0.0,68182814.78500889,68380221.5991665,dairy ,44.322784000000006,-87.95654300000001,n40,40,MULTIFORM
40,"2001 Hillview Road, Mishicot, WI 54228",1660,0.0,22950704.330000006,14457.625847445803,-70230.59810585136,-140470.59650577034,0.0,18360.563464000003,1053430.7707055672,151363.2348556344,201526.60488923284,No,No,61056.00838346247,0.0,50303765.5747176,50449056.754273996,dairy ,44.27491,-87.672213,n41,41,MULTIFORM
41,"N15927 CTY G, Nekoosa, WI 54457",6165,0.0,85235597.70750001,53693.53213825504,-81448.566993442,-102470.5784266147,0.0,68188.47816600002,1403008.1715824383,227342.48826529633,294152.4011977934,No,No,191681.8227711787,0.0,186820912.510924,187364137.47671598,dairy ,44.2219354,-89.96958620000001,n42,42,NURESYS
42,"20076 Flatiron Ave, Tomah, WI 54660",2345,0.0,32421326.297500007,20423.57386280747,-75739.82416438778,-178119.9072203082,0.0,25937.061038000007,1056176.5857912193,214076.59111101917,264370.7142439344,No,No,86250.80702362617,0.0,71061644.7425981,71267443.05724241,dairy ,43.984089000000004,-90.585257,n43,43,MULTIFORM
43,"N10523 Hwy 175, Lomira, WI 53048",3549,0.0,49067499.799499996,30909.707308786215,-119065.89221517545,-273069.05024248845,0.0,39253.9998396,1681176.5857912193,323547.8258132758,403603.8537080958,No,No,130534.80346560733,0.0,107547026.520887,107859176.06275201,dairy ,43.560204600000006,-88.4524125,n44,44,MULTIFORM
44,"11933 Ready Hollow Rd, Bagley, WI 53801",2043,0.0,28245957.196499996,17793.331088151666,-73192.95124463699,-161207.0684772699,0.0,22596.765757199995,1053430.7707055672,186186.7256288605,236350.09566245892,No,No,75143.02718518903,0.0,61909995.824788004,62089118.0010432,dairy ,42.9313472,-91.0924575,n45,45,MULTIFORM
45,"14329 Upper Falls Rd, Reedsville, WI 54230",1680,0.0,23227218.84,14631.814110668034,-70385.29017576182,-141553.44099514367,0.0,18581.775072,1053430.7707055672,153181.69390384457,203345.06393744302,No,No,61791.62294229933,0.0,50909835.039473295,51056892.850710995,dairy ,44.090497,-87.870988,n46,46,MULTIFORM
46,"W4306 Cloverland Dr, Campbellsport, WI 53010",4866,0.0,67275980.28299999,42380.00444197063,-163925.54548665788,-375027.7612124587,0.0,53820.78422639999,2317353.1715824385,443652.6323497406,554002.7833774758,No,No,178975.02216501703,0.0,147456700.775046,147885183.013131,dairy ,43.5635398,-88.398095,n47,47,MULTIFORM
47,"N2823 23rd Rd, Coleman, WI 54112",2020,0.0,27927965.510000005,17593.014585446097,-73015.05536423996,-159961.79731449057,0.0,22342.372408000003,1053430.7707055672,184095.49772341872,234258.86775701714,No,No,74297.07044252659,0.0,61213015.940319106,61390106.4901406,dairy ,45.0631812,-88.0668156,n48,48,MULTIFORM
48,"3489 Hill Road, Greenleaf, WI 54126",1851,0.0,25591417.9005,16121.123761218174,-71707.90737349642,-150811.76137928577,0.0,20473.1343204,1053430.7707055672,168729.51876604214,218892.88879964058,No,No,68081.1274203548,0.0,56091728.9631339,56253891.4752477,dairy ,44.272017,-87.9713489999999,n49,49,MULTIFORM
49,"9600 Hwy D, South Wayne, WI 53587",2391,0.0,33057309.6705,20824.206868218615,-110109.22136735878,-210372.35430777172,0.0,26445.8477364,1681176.5857912193,218259.04692190274,298315.0748167227,No,No,87942.72050895101,0.0,72455604.51153609,72665466.07904759,dairy ,42.6328184,-89.9460491999999,n50,50,MULTIFORM
50,"1440 Lamers Clancy Rd, Greenleaf, WI 54126",4210,0.0,58206304.355000004,36666.62940828121,-124178.46512571677,-308857.0606162777,0.0,46565.043484,1681176.5857912193,383647.89735662454,463703.9252514445,No,No,154846.8646351668,0.0,127577622.331061,127948159.049996,dairy ,44.282748,-88.108356,n51,51,MULTIFORM
51,"W6976 County Rd F, Brownsville, WI 53006",1067,0.0,14752049.1085,9292.943842906427,-65389.989559984744,-108016.26993282026,0.0,11801.639286800002,1049140.9709612187,97302.21279147257,147261.3066467687,No,No,39245.036713948444,0.0,32333805.944713105,32426716.494915802,dairy ,43.659203999999995,-88.5050299999999,n52,52,MULTIFORM
52,"W11550 Torpy Rd, Waterloo, WI 53594",3780,0.0,52261242.39,32921.58174900308,-120852.5856226415,-285575.9040947507,0.0,41808.993912,1681176.5857912193,344551.02782010427,424607.05571492424,No,No,139031.15162017354,0.0,114547128.83881499,114879682.9766,dairy ,43.236314,-88.9623979,n53,53,MULTIFORM
53,"7022 Cross Rd, Winneconne, WI 54986",2394,0.0,33098786.847,20850.335107701954,-110132.42517784535,-210534.7809811777,0.0,26479.029477599997,1681176.5857912193,218531.81577913428,298587.84367395425,No,No,88053.06269277656,0.0,72546514.9312494,72756641.49351321,dairy ,44.146311999999895,-88.6567446999999,n54,54,MULTIFORM
54,"5232 BK Line Rd., Luxemburg, WI 54217",2759,0.0,38145176.6545,24029.270911507803,-112955.55545371158,-230296.69291224133,0.0,30516.1413236,1681176.5857912193,251718.69340897127,331774.7213037913,No,No,101478.02839154993,0.0,83607282.6630397,83849650.253489,dairy ,44.4998057,-87.76501970000001,n55,55,MULTIFORM
55,"E3576 Cardinal Rd, Casco, WI 54205",5813,0.0,80368942.33150001,50627.818705543636,-171250.214996919,-426300.4477842868,0.0,64295.15386520001,2317353.1715824385,529756.6682824957,640106.8193102309,No,No,213806.3715259441,0.0,176154089.931225,176666222.179424,dairy ,44.663092999999996,-87.588472,n56,56,MULTIFORM
56,"5424 Gauthier Road, New Franken, WI 54229",6600,0.0,91249788.3,57482.1268633387,-142541.6792092361,14421.206062826532,0.0,72999.83064,3036638.8815824385,83729.74684942383,228331.59835334943,Yes,No,242752.80441617596,0.0,200002923.36935902,200584572.574222,dairy ,44.551659,-87.8017563,n57,57,CRYSTALACTOR
57,"N6038 E River Rd, Brillion, WI 54110",5270,0.0,72861573.38500002,45898.607359059846,-167050.3252988495,-396901.21989780036,0.0,58289.258708000016,2317353.1715824385,480385.5051235875,590735.6561513226,No,No,193834.43625352232,0.0,159699303.96311,160163472.161159,dairy ,44.0971223,-88.0559057,n58,58,MULTIFORM
58,"24425 St Peters Rd, Darlington, WI 53530",4289,0.0,59298536.66950001,37354.673048009055,-124789.49880186317,-313134.2963493024,0.0,47438.82933560001,1681176.5857912193,390830.810597055,470886.838491875,No,No,157752.54214257255,0.0,129971596.71684599,130349111.63092199,dairy ,42.6533571,-90.2918457999999,n59,59,MULTIFORM
59,"N1215 Sleepy Hollow Rd, Kewaunee, WI 54216",2431,0.0,33610338.690500006,21172.583394663096,-110418.60550717975,-212538.04328651843,0.0,26888.270952400006,1681176.5857912193,221895.96501832324,301951.99291314324,No,No,89413.94962662482,0.0,73667743.4410473,73881138.27192171,dairy ,44.367396899999996,-87.665803,n60,60,MULTIFORM
60,"E7455 County Road B, Colfax, WI 54730, Colfax, WI 54730",2145,0.0,29656181.197499998,18681.691230585082,-74192.90346528302,-167291.46232657475,0.0,23724.944957999996,1056176.5857912193,195892.00062891675,246186.12376183196,No,No,78894.6614352572,0.0,65000950.0950418,65189082.092872106,dairy ,44.9747567,-91.7857148,n61,61,MULTIFORM
61,"95 13-1/4 13-1/2 St, Ridgeland, WI 54763",1088,0.0,15042389.344,9475.841519289776,-65552.41623339072,-109153.25664666224,0.0,12033.9114752,1049140.9709612187,99211.5947920933,149170.6886473894,No,No,40017.43200072719,0.0,32970178.8827065,33064944.3961747,dairy ,45.2212183,-91.8834324,n62,62,MULTIFORM
62,"9486 Robin Rd, Marshfield, WI 54449",1301,0.0,17987268.875500005,11330.946522606619,-67453.87545095825,-121033.53792151871,0.0,14389.815100400003,1053430.7707055672,118721.89494026042,168885.26497385887,No,No,47851.72705234015,0.0,39424818.682353996,39538398.82322921,dairy ,44.590176,-90.235843,n63,63,MULTIFORM
63,"8278 N Cnty Road Y, Spencer, WI 54479",3075,0.0,42514105.9125,26781.445470419174,-78323.06960686926,-84317.62531767841,0.0,34011.28473,1391831.5857912193,113647.65257636606,179925.3471378527,No,No,95607.72182017428,0.0,93183180.2061788,93453460.5771942,dairy ,44.6826907,-90.35623170000001,n64,64,NURESYS
64,"487 County Road A, Marathon, WI 54448",2145,0.0,29656181.197499998,18681.691230585082,-74192.90346528302,-167291.46232657475,0.0,23724.944957999996,1056176.5857912193,195892.00062891675,246186.12376183196,No,No,78894.6614352572,0.0,65000950.0950418,65189082.092872106,dairy ,45.0463882,-89.8839084999999,n65,65,MULTIFORM
65,"N3447 Marshview Rd, Markesan, WI 53946",2390,0.0,33043483.945000004,20815.497455057506,-110101.48676386326,-210318.21208330308,0.0,26434.787156000002,1681176.5857912193,218168.12396949227,298224.15186431224,No,No,87905.93978100919,0.0,72425301.0382983,72635074.27422579,dairy ,43.667986,-88.8626549999999,n66,66,MULTIFORM
66,"N8870 Drake Court, Elkhart Lake, WI 53020",2431,0.0,33610338.690500006,21172.583394663096,-110418.60550717975,-212538.04328651843,0.0,26888.270952400006,1681176.5857912193,221895.96501832324,301951.99291314324,No,No,89413.94962662482,0.0,73667743.4410473,73881138.27192171,dairy ,43.8611007,-88.0764603,n67,67,MULTIFORM
67,"N13853 Gorman Ave, Thorp, WI 54771",1260,0.0,17420414.130000003,10973.86058300103,-67136.75670764178,-118813.70671830337,0.0,13936.331304000001,1053430.7707055672,114994.05389142943,165157.4239250279,No,No,46343.717206724505,0.0,38182376.279605,38292334.825533204,dairy ,44.9296421,-90.7602548,n68,68,MULTIFORM
68,"N6939 Cty Hwy D, Algoma, WI 54201",9813,0.0,135671844.3315,85465.4713499913,-170980.987606493,57166.81254576848,0.0,108537.4754652,3762101.1773736575,124614.7956345236,303762.4707475549,Yes,No,360929.2832933234,0.0,297367982.882352,298233441.466832,dairy ,44.576144,-87.503238,n69,69,CRYSTALACTOR
69,"N5736 CTH T, New London, WI 54961",1360,0.0,18802986.68,11844.801899112217,-67910.21705719414,-124227.92916517008,0.0,15042.389344,1053430.7707055672,124086.34913248061,174249.71916607907,No,No,50021.79000090898,0.0,41212723.6033831,41331515.307718396,dairy ,44.447154600000005,-88.7972916,n70,70,MULTIFORM
70,"E4029 Pheasant Rd, Algoma, WI 54201",3355,0.0,46385309.052499995,29220.081155530508,-117565.37913704384,-262565.4586955671,0.0,37108.247242,1681176.5857912193,305908.77304563654,385964.8009404565,No,No,123399.34224488941,0.0,101668152.71275799,101963165.927313,dairy ,44.601945,-87.565269,n71,71,MULTIFORM
71,"N7571 Meridian Ave., Spencer, WI 54479",1718,0.0,23752596.409,14962.77181079029,-70679.20510859172,-143610.84552495304,0.0,19002.077127200002,1053430.7707055672,156636.76609544407,206800.13612904248,No,No,63189.29060408945,0.0,52061367.022509,52211781.4339414,dairy ,44.6894256,-90.4359590999999,n72,72,MULTIFORM
72,"W4929 Sand Rd, Neillsville, WI 54456",1870,0.0,25854106.685000002,16286.602611279302,-71854.86483991137,-151840.46364419046,0.0,20683.285348,1053430.7707055672,170457.0548618419,220620.42489544034,No,No,68779.96125124987,0.0,56667494.954651795,56831335.766862795,dairy ,44.522001,-90.5609619999999,n73,73,MULTIFORM
73,"W9075 County Road P, Crivitz, WI 54114",2283,0.0,31564131.316500008,19883.59024681853,-75260.27874766535,-174763.08930325092,0.0,25251.30505320001,1056176.5857912193,208439.36806156748,258733.4911944827,No,No,83970.40189123178,0.0,69182829.4018556,69383151.1582876,dairy ,45.137764700000005,-88.0556656999999,n74,74,MULTIFORM
74,"N4365 CTH CC, Elmwood, WI 54740",2159,0.0,29849741.3545,18803.62301484065,-74301.18791422035,-168049.45346913612,0.0,23879.7930836,1056176.5857912193,197164.9219626639,247459.04509557912,No,No,79409.59162644301,0.0,65425198.7203707,65614567.360378005,dairy ,44.6944744,-92.2592191,n75,75,MULTIFORM
75,"1825 Esker Road, Hatley, WI 54440",1617,0.0,22356198.133500002,14083.121081517986,-69898.01015554382,-138142.4808536176,0.0,17884.9585068,1053430.7707055672,147453.5479019823,197616.9179355807,No,No,59474.43708196312,0.0,49000716.225493,49142209.14693429,dairy ,44.833362,-89.36941,n76,76,MULTIFORM
76,"11405 County Rd F, Newton, WI 53063",1996,0.0,27596148.098,17383.9886695794,-72829.42488034739,-158662.38392724254,0.0,22076.9184784,1053430.7707055672,181913.34686556642,232076.71689916484,No,No,73414.33297192231,0.0,60485732.58261229,60660703.1744162,dairy ,43.978399700000004,-87.8242181999999,n77,77,MULTIFORM
77,"E9817 590th Ave, Elk Mound, WI 54739",1678,0.0,23199567.389000002,14614.395284345814,-70369.82096877079,-141445.15654620633,0.0,18559.653911200003,1053430.7707055672,152999.84799902354,203163.21803262195,No,No,61718.061486415645,0.0,50849228.09299771,50996109.2410673,dairy ,44.8941993,-91.6632528999999,n78,78,MULTIFORM
78,"23250 S Williams Rd, Grantsburg, WI 54840",1529,0.0,21139534.2895,13316.692723340137,-69217.36504793772,-133377.9651003749,0.0,16911.6274316,1053430.7707055672,139452.32808985724,189615.6981234557,No,No,56237.73302308078,0.0,46334010.5805682,46467730.3226114,dairy ,45.7601114,-92.6285176999999,n79,79,MULTIFORM
79,"336 Gerland Rd, Rice Lake, WI 54868",2840,0.0,39265060.42,24734.733377557863,-113582.05833684902,-234682.21309420338,0.0,31412.048336,1681176.5857912193,259083.45255422272,339139.4804490427,No,No,104457.26735483935,0.0,86061863.9953001,86311386.44405909,dairy ,45.505208,-91.7554469999999,n80,80,MULTIFORM
80,"E8698 Reinke Rd, Clintonville, WI 54929",3234,0.0,44712396.267000005,28166.24216303597,-116629.49211408546,-256014.24953485833,0.0,35769.9170136,1681176.5857912193,294907.0958039646,374963.12369878456,No,No,118948.87416392624,0.0,98001432.4509861,98285757.5438687,dairy ,44.595906,-88.78999300000001,n81,81,MULTIFORM
81,"397 75th Street, Clear Lake, WI 54005",1664,0.0,23006007.232,14492.46350009024,-70261.53651983345,-140687.16540364502,0.0,18404.8057856,1053430.7707055672,151726.92666527638,201890.2966988748,No,No,61203.1312952298,0.0,50424979.4676688,50570623.9735614,dairy ,45.266942,-92.3171032,n82,82,MULTIFORM
82,"W14482 Cty Rd EE, Osseo, WI 54758",1453,0.0,20088779.151500005,12654.777323095634,-68629.53518227789,-129263.15604075622,0.0,16071.023321200004,1053430.7707055672,132542.18370665834,182705.55374025676,No,No,53442.39769950056,0.0,44030946.6144968,44157953.1561506,dairy ,44.4660004,-91.2386267,n83,83,MULTIFORM
83,"W7325 Hwy 67, Plymouth, WI 53073",1575,0.0,21775517.662499998,13717.325728751284,-69573.15680873182,-135868.5074259336,0.0,17420.41413,1053430.7707055672,143634.7839007408,193798.15393433924,No,No,57929.646508405625,0.0,47727970.3495062,47865753.3444166,dairy ,43.72437670000001,-88.0611802999999,n84,84,MULTIFORM
84,"8262 Orchard Valley Rd, West Bend, WI 53090",3855,0.0,53298171.8025,33574.78773608647,-121432.6808848058,-289636.5709299007,0.0,42638.53744200001,1681176.5857912193,351370.2492508926,431426.2771457126,No,No,141789.70621581186,0.0,116819889.331649,117159068.33823898,dairy ,43.48908,-88.088256,n85,85,MULTIFORM
85,"W7419 E 18th Road, Crivitz, WI 54114",1466,0.0,20268513.583,12767.999694190084,-68730.0850277197,-129967.00495884883,0.0,16214.810866400001,1053430.7707055672,133724.18208799494,183887.55212159338,No,No,53920.547162744544,0.0,44424891.766588,44553046.618834704,dairy ,45.149926699999895,-87.9739573,n86,86,MULTIFORM
86,"2196 Hwy 64, New Richmond, WI 54017",1305,0.0,18042571.7775,11365.784175251065,-67484.81386494036,-121250.10681939339,0.0,14434.057422,1053430.7707055672,119085.58674990246,169248.9567835009,No,No,47998.849964107525,0.0,39546032.575305104,39659966.042516604,dairy ,45.138232599999895,-92.3659727,n87,87,MULTIFORM
87,"Box 26, Nelsonville, WI 54458",2160,0.0,29863567.080000006,18812.332428001762,-74308.92251771588,-168103.59569360476,0.0,23890.853664000006,1056176.5857912193,197255.8449150744,247549.96804798962,No,No,79446.37235438486,0.0,65455502.19360849,65644959.165199906,dairy ,44.496002600000004,-89.3099436999999,n88,88,MULTIFORM
88,"W3412 Schmidt Rd, Brillion, WI 54110",2229,0.0,30817542.1395,19413.281936118485,-74842.61015890703,-171839.4091819428,0.0,24654.0337116,1056176.5857912193,203529.52863139976,253823.65176431497,No,No,81984.24258237216,0.0,67546441.8470154,67741993.69790761,dairy ,44.2254794,-88.2364824,n89,89,MULTIFORM
89,"N5365 Hintz Rd., Krakow, WI 54137",5289,0.0,73124262.16950001,46064.086209120986,-167197.28276526445,-397929.922162705,0.0,58499.409735600006,2317353.1715824385,482113.04121938726,592463.1922471224,No,No,194533.2700844174,0.0,160275069.954627,160740916.452774,dairy ,44.7822878,-88.29439350000001,n90,90,MULTIFORM
90,"7427 Newton Rd., Newton, WI 53063",5335,0.0,73760245.5425,46464.71921453213,-167553.07452605854,-400420.4644882636,0.0,59008.196434000005,2317353.1715824385,486295.4970302707,596645.6480580058,No,No,196225.18356974225,0.0,161669029.72356498,162138939.474579,dairy ,43.991883,-87.758921,n91,91,MULTIFORM
91,"22322 Burr Oak Rd, MINERAL POINT, WI 53565",2109,0.0,29158455.0795,18368.152356785053,-73914.45773944416,-165342.34224570272,0.0,23326.7640636,1056176.5857912193,192618.7743421383,242912.8974750535,No,No,77570.55522935078,0.0,63910025.058481604,64094977.1192854,dairy ,42.8694551,-90.20760990000001,n92,92,MULTIFORM
92,"W3194 Playbird Road, Sheboygan Falls, WI 53085",1401,0.0,19369841.4255,12201.887838717808,-68227.33580051064,-126447.76036838545,0.0,15495.873140400001,1053430.7707055672,127814.19018131164,177977.56021491007,No,No,51529.79984652464,0.0,42455166.0061322,42577579.3054143,dairy ,43.803146000000005,-87.858238,n93,93,MULTIFORM
93,"6993 Memorial Drive, Egg Harbor, WI 54209",662,0.0,9152630.281000001,5765.631512656096,-62257.475144297554,-86088.66902300995,0.0,7322.1042248,1049140.9709612187,60478.41706521511,110437.51092051124,No,No,24348.841897501283,0.0,20060899.2834115,20118035.5420659,dairy ,45.0112382,-87.2352066,n94,94,MULTIFORM
94,"E2304 County Hwy F, Kewaunee, WI 54216",1630,0.0,22535932.565,14196.343452612442,-69998.56000098561,-138846.32977171027,0.0,18028.746052000002,1053430.7707055672,148635.54628331892,198798.91631691734,No,No,59952.586545207094,0.0,49394661.377584204,49537302.609618396,dairy ,44.46058529999999,-87.5518791,n95,95,MULTIFORM
95,"N49128 Cty Rd V, Strum, WI 54770",4930,0.0,68160826.715,42937.40688428181,-164420.56011037133,-378492.8635784533,0.0,54528.66137200001,2317353.1715824385,449471.7013040133,559821.8523317485,No,No,181328.98875329513,0.0,149396123.062264,149830258.521729,dairy ,44.5521577,-91.43247609999999,n96,96,MULTIFORM
96,"N6368 Willow Rd., Sheboygan Falls, WI 53085",1909,0.0,26393309.979500003,16626.26972456267,-72156.51437623681,-153952.01039846853,0.0,21114.647983600003,1053430.7707055672,174003.0500058519,224166.42003945034,No,No,70214.40964098182,0.0,57849330.41092529,58016616.154915005,dairy ,43.814004,-87.9189129999999,n97,97,MULTIFORM
97,"F2181 County Rd N, Colby, WI 54421",1983,0.0,27416413.666500006,17270.766298484956,-72728.8750349056,-157958.53500915,0.0,21933.130933200006,1053430.7707055672,180731.34848422988,230894.71851782833,No,No,72936.18350867832,0.0,60091787.43052111,60265609.711732104,dairy ,44.901881700000004,-90.1492212,n98,98,MULTIFORM
98,"E3730 Rockledge Rd, Algoma, WI 54201",1238,0.0,17116248.168999996,10782.253493456565,-66966.59543074024,-117622.57777999267,0.0,13692.998535199997,1053430.7707055672,112993.74893839813,163157.1189719966,No,No,45534.54119200391,0.0,37515699.8683738,37623715.1194525,dairy ,44.546913,-87.58098000000001,n99,99,MULTIFORM
99,"P.O. Box 87, Alma Center, WI 54611",1915,0.0,26476264.3325,16678.52620352934,-72202.92199720995,-154276.86374528048,0.0,21181.011466,1053430.7707055672,174548.5877203149,224711.95775391336,No,No,70435.09400863286,0.0,58031151.250352,58198966.9838462,dairy ,44.4371839,-90.9112579999999,n100,100,MULTIFORM
100,"N2957 Hickory Grove Rd, Cascade, WI 53011",1541,0.0,21305442.9955,13421.205681273475,-69310.18028988398,-134027.67179399886,0.0,17044.3543964,1053430.7707055672,140543.4035187833,190706.77355238172,No,No,56679.1017583829,0.0,46697652.2594216,46832431.9804736,dairy ,43.643958700000006,-88.0723222,n101,101,MULTIFORM
101,"PO Box 81, South Wayne, WI 53587",1600,0.0,22121160.8,13935.061057779087,-69766.5218961199,-137222.06303765025,0.0,17696.928640000002,1053430.7707055672,145907.8577110036,196071.22774460202,No,No,58849.16470695176,0.0,48485557.1804507,48625548.4649629,dairy ,42.5688955,-89.8798448,n102,102,MULTIFORM
102,"16639 Highway 23 North, Darlington, WI 53530",1192,0.0,16480264.796000004,10381.620488045415,-66610.80366994614,-115132.035454434,0.0,13184.211836800003,1053430.7707055672,108811.29312751458,158974.66316111304,No,No,43842.62770667904,0.0,36121740.0994358,36225692.097647294,dairy ,42.7354835,-90.12965340000001,n103,103,MULTIFORM
103,"S836 Subera Lane, Hillsboro, WI 54634",1463,0.0,20227036.4065,12741.871454706748,-68706.88121723312,-129804.57828544283,0.0,16181.629125200001,1053430.7707055672,133451.4132307634,183614.78326436185,No,No,53810.204978919,0.0,44333981.3468746,44461871.2043692,dairy ,43.700059100000004,-90.37353979999999,n104,104,MULTIFORM
104,"N477 Cty Rd Q, Markesan, WI 53946",1926,0.0,26628347.313,16774.32974830157,-72288.00263566071,-154872.42821443581,0.0,21302.6778504,1053430.7707055672,175548.74019683056,225712.11023042898,No,No,70839.68201599317,0.0,58364489.455967605,58533276.836886495,dairy ,43.646505,-88.9087327,n105,105,MULTIFORM
105,"N5701 Irish Rd, Hilbert, WI 54129",13277,0.0,183564157.46350002,115634.87854008302,-158966.11084288347,141270.94989103518,0.0,146851.3259708,3762101.1773736575,167919.09987980744,347066.77499283873,Yes,No,488337.72488387395,0.0,402339214.178028,403510653.369726,dairy ,44.097001,-88.147437,n106,106,CRYSTALACTOR
106,"W397 Man-Cal Road, Brillion, WI 54110",2931,0.0,40523201.4405,25527.289975219053,-114285.90725494169,-239609.15552085207,0.0,32418.5611524,1681176.5857912193,267357.44122357934,347413.4691183993,No,No,107804.31359754724,0.0,88819480.0599382,89077040.68284759,dairy ,44.238873,-88.057052,n107,107,MULTIFORM
107,"W1980 County Road C, Cecil, WI 54111",981,0.0,13563036.715499999,8543.9343110508,-64724.81365936967,-103360.03862851483,0.0,10850.429372399998,1049140.9709612187,89482.8388841685,139441.93273946462,No,No,36081.89411094979,0.0,29727707.2462639,29813021.2802366,dairy ,44.8398964,-88.34369240000001,n108,108,MULTIFORM
108,"W7560 Grogen Rd, Elkhart Lake, WI 53020",3447,0.0,47657275.798499994,30021.347166352803,-118276.96265863204,-267546.5433466844,0.0,38125.820638799996,1681176.5857912193,314273.68466740364,394329.7125622236,No,No,126783.16921553915,0.0,104456072.250634,104759211.97092299,dairy ,43.871617,-88.074069,n109,109,MULTIFORM
109,"N8133 Doyle Rd, Theresa, WI 53091",3608,0.0,49883217.604,31423.56268529183,-119522.23382141138,-276263.44148613996,0.0,39906.5740832,1681176.5857912193,328912.2800054962,408968.3079003162,No,No,132704.8664141762,0.0,109334931.441916,109652292.547241,dairy ,43.459701,-88.427915,n110,110,MULTIFORM
110,"W7867 County Road K, Ellsworth, WI 54011",1854,0.0,25632895.077000003,16147.252000701515,-71731.11118398301,-150974.1880526918,0.0,20506.316061600002,1053430.7707055672,169002.2876232737,219165.65765687212,No,No,68191.46960418034,0.0,56182639.3828473,56345066.889713205,dairy ,44.701189799999895,-92.5250762,n111,111,MULTIFORM
111,"E9195 910th Ave, Colfax, WI 54730",1135,0.0,15692198.4425,9885.183937862037,-66169.93127070127,-112045.92865971994,0.0,12553.758754,1053430.7707055672,103628.68484011538,153792.05487371382,No,No,41746.12621399389,0.0,34394442.1248822,34493359.2228018,dairy ,45.006425,-91.69952950000001,n112,112,MULTIFORM
112,"5503 Marken Road, Valders, WI 54323",1194,0.0,16507916.247000003,10399.039314367637,-66626.27287693719,-115240.31990337133,0.0,13206.332997600002,1053430.7707055672,108993.13903233562,159156.50906593405,No,No,43916.18916256274,0.0,36182347.0459114,36286475.707291,dairy ,44.0607901,-87.9050006,n113,113,MULTIFORM
113,"2061 30th Avenue, Baldwin, WI 54002",2250,0.0,31107882.37500001,19596.179612501837,-75005.03683231302,-172976.39589578487,0.0,24886.305900000007,1056176.5857912193,205438.91063202056,255733.03376493577,No,No,82756.63786915092,0.0,68182814.78500889,68380221.5991665,dairy ,44.9057207,-92.38122270000001,n114,114,MULTIFORM
114,"29404 Cty Hwy OO, Richland Center, WI 53581",1864,0.0,25771152.332000006,16234.346132312634,-71808.45721893825,-151515.6102973785,0.0,20616.921865600005,1053430.7707055672,169911.51714737885,220074.88718097727,No,No,68559.2768835988,0.0,56485674.1152251,56648984.9379317,dairy ,43.271593200000005,-90.3635913,n115,115,MULTIFORM
115,"4367 Lark Road, Denmark, WI 54208",1648,0.0,22784795.624,14353.112889512455,-70137.78286390504,-139820.88981214626,0.0,18227.836499200002,1053430.7707055672,150272.15942670815,200435.52946030657,No,No,60614.63964816031,0.0,49940123.89586429,50084355.0964117,dairy ,44.314036,-87.911238,n116,116,MULTIFORM
116,"E7296 County Hwy B, Spring Green, WI 53588",3217,0.0,44477358.93349999,28018.182139297063,-116498.00385466154,-255093.83171889093,0.0,35581.88714679999,1681176.5857912193,293361.4056129858,373417.43350780575,No,No,118323.60178891484,0.0,97486273.4059438,97769096.8618972,dairy ,43.249602200000005,-89.87665439999991,n117,117,MULTIFORM
117,"W7889 Reliance Rd, Whitewater, WI 53190",2442,0.0,33762421.67100001,21268.386939435328,-110503.6861456305,-213133.60775567376,0.0,27009.93733680001,1681176.5857912193,222896.1174948389,302952.14538965886,No,No,89818.53763398512,0.0,74001081.6466629,74215448.124962,dairy ,42.80393,-88.686927,n118,118,MULTIFORM
118,"5519 Hwy 73, Marshall, WI 53559",994,0.0,13742771.147,8657.156682145254,-64825.36350481149,-104063.8875466075,0.0,10994.2169176,1049140.9709612187,90664.83726550514,140623.93112080125,No,No,36560.043574193776,0.0,30121652.398355,30208114.742920697,dairy ,43.150917,-89.072469,n119,119,MULTIFORM
119,"4851 Church Rd, Platteville, WI 53818",2070,0.0,28619251.785,18028.485243501687,-73612.80820311874,-163230.7954914247,0.0,22895.401428,1056176.5857912193,189072.7791981283,239366.9023310435,No,No,76136.1068396188,0.0,62728189.602208205,62909696.7312332,dairy ,42.678453999999995,-90.58284990000001,n120,120,MULTIFORM
120,"5117 County Highway N, Edgar, WI 54426",3309,0.0,45749325.679500006,28819.44815011937,-117209.58737624974,-260074.91637000843,0.0,36599.460543600006,1681176.5857912193,301726.31723475305,381782.345129573,No,No,121707.4287595646,0.0,100274192.94382,100565142.905508,dairy ,44.901323,-89.958202,n121,121,MULTIFORM
121,"S3175 White Rd, Reedsburg, WI 53959",1397,0.0,19314538.523500003,12167.050186073364,-68196.39738652855,-126231.19147051078,0.0,15451.630818800002,1053430.7707055672,127450.4983716696,177613.86840526806,No,No,51382.67693475726,0.0,42333952.11318111,42456012.0861269,dairy ,43.530507899999996,-90.10588390000001,n122,122,MULTIFORM
122,"E2675 County Hwy S, Casco, WI 54205",10029,0.0,138658201.03950003,87346.70459279152,-170231.7920577229,62411.181387159246,0.0,110926.56083160001,3762101.1773736575,127315.06402857135,306462.73914160265,Yes,No,368873.9205287619,0.0,303913533.101713,304798071.308352,dairy ,44.616287,-87.63395,n123,123,CRYSTALACTOR
123,"N8076 Butternut Road, Burnett, WI 53922",1139,0.0,15747501.3445,9920.021590506485,-66200.86968468336,-112262.4975575946,0.0,12598.0010756,1053430.7707055672,103992.37664975744,154155.7466833559,No,No,41893.249125761286,0.0,34515656.0178334,34614926.4420892,dairy ,43.486086,-88.7412349999999,n124,124,MULTIFORM
124,"22220 Herzog Road, Reedsville, WI 54230",1603,0.0,22162637.976499997,13961.189297262415,-69789.72570660648,-137384.48971105626,0.0,17730.110381199996,1053430.7707055672,146180.6265682351,196343.99660183355,No,No,58959.50689077728,0.0,48576467.6001641,48716723.8794284,dairy ,44.162424,-88.00700499999991,n125,125,MULTIFORM
125,"12031 Hillcrest Rd, Whitelaw, WI 54247",1370,0.0,18941243.935000002,11931.89603072334,-67987.5630921494,-124769.35140985677,0.0,15152.995148000002,1053430.7707055672,124995.57865658576,175158.94869018422,No,No,50389.59728032743,0.0,41515758.3357609,41635433.355937,dairy ,44.1947074,-87.83416650000001,n126,126,MULTIFORM
126,"W215 State Road 21, Berlin, WI 54923",1079,0.0,14917957.814499998,9397.45680083977,-65482.80480193103,-108665.97662644424,0.0,11934.366251599999,1049140.9709612187,98393.2882203987,148352.38207569483,No,No,39686.40544925058,0.0,32697447.623566497,32791418.1527781,dairy ,44.0465417,-88.8937301,n127,127,MULTIFORM
127,"W8371 Oak Ave, Shawano, WI 54166",3625,0.0,50118254.9375,31571.622709030737,-119653.72208083529,-277183.8593021073,0.0,40094.60395,1681176.5857912193,330457.97019647487,410513.99809129484,No,No,133330.13878918753,0.0,109850090.486959,110168953.22921298,dairy ,44.7947907,-88.6630809,n128,128,MULTIFORM
128,"N3612 Will Road, Jefferson, WI 53549",2454,0.0,33928330.377000004,21372.899897368665,-110596.50138757679,-213783.31444929773,0.0,27142.664301600005,1681176.5857912193,223987.192923765,304043.22081858496,No,No,90259.90636928724,0.0,74364723.3255163,74580149.7828243,dairy ,42.973292,-88.775482,n129,129,MULTIFORM
129,"W2651 Kiel Rd, Malone, WI 53049",4170,0.0,57653275.335,36318.252881836735,-123869.08098589582,-306691.37163753103,0.0,46122.620268,1681176.5857912193,380010.9792602041,460067.0071550241,No,No,153375.63551749304,0.0,126365483.40155,126732486.857122,dairy ,43.908778000000005,-88.290109,n130,130,MULTIFORM
130,"N8783 Basswood Rd, Beaver Dam, WI 53816",2574,0.0,35587417.437,22418.029476702093,-111524.65380703966,-220280.3813855378,0.0,28469.933949600003,1681176.5857912193,234897.94721302643,314953.97510784643,No,No,94673.59372230862,0.0,78001140.11405009,78227166.3614465,dairy ,43.5125096,-88.7761132999999,n131,131,MULTIFORM
131,"N870 County Road GG, Kaukauna, WI 54130",1203,0.0,16632347.776500002,10477.42403281765,-66695.88430839691,-115727.59992358933,0.0,13305.8782212,1053430.7707055672,109811.44560403022,159974.81563762866,No,No,44247.21571403935,0.0,36455078.3050514,36560001.9506877,dairy ,44.269629599999895,-88.2133444999999,n132,132,MULTIFORM
132,"18218 W State Rd 59, Evansville, WI 53536",5413,0.0,74838652.1315,47144.05344109886,-168156.3735987094,-404643.55799681984,0.0,59870.9217052,2317353.1715824385,493387.4873182908,603737.638346026,No,No,199094.08034920614,0.0,164032700.636112,164509500.25068402,dairy ,42.737837,-89.360787,n133,133,MULTIFORM
133,"3870 Dickinson Rd, De Pere, WI 54115",2764,0.0,38214305.282,24072.817977313363,-112994.2284711892,-230567.40403458464,0.0,30571.4442256,1681176.5857912193,252173.30817102385,332229.3360658438,No,No,101661.93203125917,0.0,83758800.0292287,84001609.27759829,dairy ,44.4227403,-87.96956229999991,n134,134,MULTIFORM
134,"W8659 Woodyard Road, Shell Lake, WI 54871",2100,0.0,29034023.55,18289.767638335044,-73844.84630798445,-164855.0622254847,0.0,23227.21884,1056176.5857912193,191800.46777044365,242094.59090335885,No,No,77239.52867787417,0.0,63637293.799341604,63821450.875888705,dairy ,45.688244399999896,-91.9782518,n135,135,MULTIFORM
135,"E3470 County Rd F, Kewaunee, WI 54216",790,0.0,10922323.145,6880.436397278422,-63247.504391724615,-93018.87375499938,0.0,8737.858516,1049140.9709612187,72116.55497376068,122075.64882905681,No,No,29056.77507405743,0.0,23939743.8578476,24008186.5592629,dairy ,44.458605,-87.594725,n136,136,MULTIFORM
136,"S3606 Sorenson Lane, Viroqua, WI 54665",546,0.0,7548846.123000001,4755.339585967112,-61360.261138816786,-79808.17098464453,0.0,6039.0768984,1049140.9709612187,49931.35458559569,99890.44844089182,No,No,20082.277456247284,0.0,16545696.387828799,16592586.182731101,dairy ,43.6043122,-91.0814918999999,n137,137,MULTIFORM
137,"W514 Weber Rd, Chilton, WI 53014",1614,0.0,22314720.957,14056.992842034646,-69874.80634505725,-137980.05418021162,0.0,17851.7767656,1053430.7707055672,147180.77904475073,197344.14907834918,No,No,59364.09489813756,0.0,48909805.8057797,49051033.7324688,dairy ,43.933457000000004,-88.1843739999999,n138,138,MULTIFORM
138,"N16743 Badger Ave, Dorchester, WI 54425",1843,0.0,25480812.0965,16051.448455929281,-71646.03054553224,-150378.62358353645,0.0,20384.649677200003,1053430.7707055672,168002.13514675808,218165.5051803565,No,No,67786.88159682007,0.0,55849301.1772317,56010757.0366728,dairy ,45.026309999999995,-90.3582110999999,n139,139,MULTIFORM
139,"2606 County Highway D, Woodville, WI 54028",1882,0.0,26020015.391000003,16391.11556921265,-71947.68008185764,-152490.1703378145,0.0,20816.0123128,1053430.7707055672,171548.13029076805,221711.5003243665,No,No,69221.329986552,0.0,57031136.6335052,57196037.4247251,dairy ,44.9752264,-92.2760196999999,n140,140,MULTIFORM
140,"B 4595 River Ave , Unity, WI 54488",4079,0.0,56395134.314500004,35525.696284175545,-123165.23206780315,-301764.4292108823,0.0,45116.1074516,1681176.5857912193,371736.99059084745,451793.0184856674,No,No,150028.5892747851,0.0,123607867.336912,123966832.61833301,dairy ,44.834921,-90.262512,n141,141,MULTIFORM
141,"N2357 State Road 73, Markesan, WI 53946",1402,0.0,19383667.151000004,12210.59725187892,-68235.07040400617,-126501.90259285414,0.0,15506.933720800003,1053430.7707055672,127905.11313372216,178068.4831673206,No,No,51566.58057446647,0.0,42485469.47937,42607971.110236205,dairy ,43.7150623,-89.0516202,n142,142,MULTIFORM
142,"1126 Front Street, Cashton, WI 54619",3166,0.0,43772246.933000006,27574.002068080365,-116103.53907638982,-252332.57827098895,0.0,35017.797546400005,1681176.5857912193,288724.3350400498,368780.3629348698,No,No,116447.7846638808,0.0,95940796.2708169,96219114.8159827,dairy ,43.7449956,-90.77675759999998,n143,143,MULTIFORM
143,"34452 Co. Hwy. O, Stanley, WI 54758",3075,0.0,42514105.9125,26781.445470419174,-115399.69015829712,-247405.6358443402,0.0,34011.28473,1681176.5857912193,280450.3463706931,360506.3742655131,No,No,113100.73842117291,0.0,93183180.2061788,93453460.5771942,dairy ,44.975280600000005,-91.0273383999999,n144,144,MULTIFORM
144,"N5853 Meadowlark Rd, Sheboygan Falls, WI 53085",1320,0.0,18249957.66,11496.425372667742,-67600.8329173732,-122062.2401864234,0.0,14599.966128,1053430.7707055672,120449.43103606014,170612.8010696586,No,No,48550.56088323519,0.0,40000584.6738719,40115843.1148444,dairy ,43.754160999999996,-87.8415765,n145,145,MULTIFORM
145,"5532 Commercial Rd, Lancaster, WI 53813",2008,0.0,27762056.804000005,17488.501627512753,-72922.24012229368,-159312.09062086657,0.0,22209.645443200003,1053430.7707055672,183004.42229449257,233167.792328091,No,No,73855.70170722445,0.0,60849374.2614657,61025404.83227839,dairy ,42.8663827,-90.69712890000001,n146,146,MULTIFORM
146,"N32153 State Rd 93, Arcadia, WI 54612",1500,0.0,20738588.25,13064.119741667888,-68993.06154656752,-131807.8405907835,0.0,16590.870600000002,1053430.7707055672,136815.56246995236,186978.93250355078,No,No,55171.091912767275,0.0,45455209.8566726,45586367.98277771,dairy ,44.252740499999895,-91.5015432,n147,147,MULTIFORM
147,"3827 Mueller Road, DeForest, WI 53532",1620,0.0,22397675.310000002,14109.249321001324,-69921.2139660304,-138304.90752702364,0.0,17918.140248000003,1053430.7707055672,147726.31675921383,197889.68679281225,No,No,59584.77926578864,0.0,49091626.6452064,49233384.5613999,dairy ,43.252739,-89.290092,n148,148,MULTIFORM
148,"6832 Cty X, Cleveland, WI 53015",11899,0.0,164512307.72450003,103633.30720407085,-163745.70096420383,107813.81904179233,0.0,131609.84617960002,3762101.1773736575,150692.38762518822,329840.0627382195,Yes,No,437653.88178001187,0.0,360581028.056365,361630746.325214,dairy ,43.950587899999995,-87.7465309,n149,149,CRYSTALACTOR
149,"EP 4104 County Road E, Stratford, WI 54484",2614,0.0,36140446.457,22766.40600314657,-111834.03794686063,-222446.07036428462,0.0,28912.357165600002,1681176.5857912193,238534.86530944702,318590.893204267,No,No,96144.82283998241,0.0,79213279.0435614,79442838.55432059,dairy ,44.874471500000006,-90.13948520000001,n150,150,MULTIFORM
150,"W962 Cty Rd NN, Mondovi, WI 54755",1953,0.0,27001641.9015,17009.483903651588,-72496.83693003985,-156334.26827508985,0.0,21601.313521199998,1053430.7707055672,178003.6599119144,228167.02994551283,No,No,71832.76167042297,0.0,59182683.23338771,59353855.567076504,dairy ,44.4532096,-91.72290179999999,n151,151,MULTIFORM
151,"W4072 County Rd R, Durand, WI 54736",1900,0.0,26268878.45,16547.885006112654,-72086.90294477709,-153464.73037825048,0.0,21015.10276,1053430.7707055672,173184.74343415725,223348.11346775567,No,No,69883.38308950521,0.0,57576599.1517853,57743089.911518395,dairy ,44.6559094,-91.8549738999999,n152,152,MULTIFORM
152,"N9035 River Rd, Birnamwood, WI 54414",8047,0.0,111255613.09850001,70084.64770746768,-137522.7627320586,49553.62140306932,0.0,89004.49047880001,3036638.8815824385,101819.04484103054,246420.89634495616,Yes,No,295974.5177480255,0.0,243852049.144429,244561514.151441,dairy ,44.9125646,-89.0748565999999,n153,153,CRYSTALACTOR
153,"6790 Twin Lane Rd, Sun Prairie, WI 53590",1081,0.0,14945609.2655,9414.875627161993,-65498.274008922075,-108774.26107538158,0.0,11956.487412400002,1049140.9709612187,98575.13412521973,148534.22798051586,No,No,39759.96690513428,0.0,32758054.570042,32852201.7624218,dairy ,43.222612,-89.144127,n154,154,MULTIFORM
154,"N8759 County Road Y, Seymour, WI 54165",238,0.0,3290522.669,2072.840332344638,-58978.00326219541,-63132.36584829497,0.0,2632.4181352,1049140.9709612187,21927.085243157915,71886.17909845404,No,No,8753.813250159074,0.0,7212226.63059205,7231910.29760072,dairy ,44.555831899999994,-88.2468131999999,n155,155,MULTIFORM
155,"1074 Meadowlark Rd, De Pere, WI 54115",2790,0.0,38573774.145,24299.26271950227,-113195.32816207282,-231975.10187076993,0.0,30859.019316,1681176.5857912193,254537.30493369704,334593.332828517,No,No,102618.23095774713,0.0,84546690.333411,84791796.20296651,dairy ,44.340874,-88.133287,n156,156,MULTIFORM
156,"3990 Willow Lane, Port Washington, WI 53074",2484,0.0,34343102.142000005,21634.182292202026,-110828.53949244253,-215407.5811833578,0.0,27474.481713600006,1681176.5857912193,226714.8814960804,306770.9093909004,No,No,91363.32820754258,0.0,75273827.5226498,75491903.9274798,dairy ,43.422519,-87.90851500000001,n157,157,MULTIFORM
157,"PO Box 1355, Lake Geneva, WI 53147",2653,0.0,36679649.7515,23106.073116429943,-112135.68748318606,-224557.6171185625,0.0,29343.719801200004,1681176.5857912193,242080.8604534569,322136.8883482769,No,No,97579.27122971437,0.0,80395114.49983491,80628118.9423728,dairy ,42.582248,-88.4241299999999,n158,158,MULTIFORM
158,"W3320 153 Road, Loyal, WI 54446",2944,0.0,40702935.87200001,25640.51234631351,-114386.4571003835,-240313.00443894474,0.0,32562.348697600006,1681176.5857912193,268539.439604916,348595.467499736,No,No,108282.46306079123,0.0,89213425.21202941,89472134.1455317,dairy ,44.8009126,-90.47805290000001,n159,159,MULTIFORM
159,"4431 County Road C, Pulaski, WI 54162",1573,0.0,21747866.211500004,13699.90690242906,-69557.68760174078,-135760.22297699627,0.0,17398.292969200003,1053430.7707055672,143452.93799591978,193616.30802951823,No,No,57856.08505252194,0.0,47667363.403030604,47804969.7347729,dairy ,44.6643522,-88.15078879999999,n160,160,MULTIFORM
160,"1715 W Townline Rd, Athens, WI 54411",4610,0.0,63736594.555,40150.39467272597,-127272.30652392635,-330513.95040374465,0.0,50989.27564400001,1681176.5857912193,420017.07832082943,500073.1062156494,No,No,169559.15581190473,0.0,139699011.626174,140104880.97873703,dairy ,45.032388999999895,-90.121009,n161,161,MULTIFORM
161,"60 105th St, Deer Park, WI 54007",1358,0.0,18775335.229000002,11827.383072789997,-67894.7478502031,-124119.64471623277,0.0,15020.268183200003,1053430.7707055672,123904.5032276596,174067.87326125806,No,No,49948.22854502529,0.0,41152116.656907596,41270731.6980747,dairy ,45.225389899999996,-92.3783837,n162,162,MULTIFORM
162,"9785 Ogden Ave, Cashton, WI 54619",3649,0.0,50450072.349500015,31780.648624897432,-119839.35256472787,-278483.27268935536,0.0,40360.05787960001,1681176.5857912193,332640.12105432723,412696.1489491472,No,No,134212.87625979184,0.0,110577373.84466499,110898356.54493701,dairy ,43.737048,-90.79388890000001,n163,163,MULTIFORM
163,"2375 Day St, Greenleaf, WI 54126",1750,0.0,24195019.625000007,15241.473031945872,-70926.7124204485,-145343.3967079504,0.0,19356.015700000004,1053430.7707055672,159546.30057258045,209709.67060617887,No,No,64366.27389822851,0.0,53031078.166117996,53184319.1882406,dairy ,44.315446,-88.042711,n164,164,MULTIFORM
164,"10104 North Ave, Newton, WI 53063",1134,0.0,15678372.717000004,9876.474524700923,-66162.19666720573,-111991.78643525126,0.0,12542.698173600005,1053430.7707055672,103537.76188770487,153701.1319213033,No,No,41709.34548605206,0.0,34364138.6516445,34462967.4179799,dairy ,43.9502009,-87.8283230999999,n165,165,MULTIFORM
165,"N4017 Hwy K, Fond du Lac, WI 549358535",3134,0.0,43329823.717,27295.30084692478,-115856.03176453305,-250600.02708799165,0.0,34663.8589736,1681176.5857912193,285814.8005629134,365870.8284577334,No,No,115270.80136974175,0.0,94971085.1272079,95246577.06168349,dairy ,43.7730448,-88.44705079999999,n166,166,MULTIFORM
166,"N5638 HWY DJ, JUNEAU, WI 53039",4212,0.0,58233955.80600001,36684.04823460344,-124193.9343327078,-308965.345065215,0.0,46587.1646448,1681176.5857912193,383829.74326144555,463885.7711562655,No,No,154920.4260910505,0.0,127638229.27753702,128008942.65963998,dairy ,43.405550399999996,-88.7051037,n167,167,MULTIFORM
167,"1563 19th Ave, Rice Lake, WI 54868",5148,0.0,71174834.874,44836.05895340419,-166106.70367239558,-390295.8685126228,0.0,56939.867899200006,2317353.1715824385,469292.9049295049,579643.05595724,No,No,189347.18744461724,0.0,156002280.2281,156455671.972893,dairy ,45.4788,-91.83434100000001,n168,168,MULTIFORM
168,"N6841 County V, Deerbrook, WI 54424",1445,0.0,19978173.347500004,12585.102017806736,-68567.6583543137,-128830.01824500682,0.0,15982.538678000004,1053430.7707055672,131814.8000873742,181978.17012097262,No,No,53148.15187596581,0.0,43788518.8285946,43914818.717575796,dairy ,45.233576799999895,-89.1556693,n169,169,MULTIFORM
169,"W926 Van Asten Rd, Kaukauna, WI 54130",1496,0.0,20683285.348,13029.28208902344,-68962.12313258543,-131591.27169290883,0.0,16546.628278400003,1053430.7707055672,136451.87066031032,186615.24069390877,No,No,55023.9690009999,0.0,45333995.9637214,45464800.7634903,dairy ,44.395145,-88.23464,n170,170,MULTIFORM
170,"2563 5th Ave., Grand Marsh, WI 53936",13276,0.0,183550331.738,115626.16912692193,-158969.5793407944,141246.6704056584,0.0,146840.26539040002,3762101.1773736575,167906.5986372424,347054.27375027374,Yes,No,488300.9441559321,0.0,402308910.70479,403480261.564904,dairy ,43.8815381,-89.6799927,n171,171,CRYSTALACTOR
171,"4240 Rosin Rd, De Pere, WI 54115",1464,0.0,20240862.132,12750.580867867855,-68714.61582072865,-129858.7205099115,0.0,16192.6897056,1053430.7707055672,133542.3361831739,183705.70621677232,No,No,53846.98570686084,0.0,44364284.8201124,44492263.009191,dairy ,44.3480619,-88.1688296999999,n172,172,MULTIFORM
172,"D1315 Eau Pleine Road, Stratford, WI 54484",1182,0.0,16342007.541000005,10294.526356434297,-66533.45763499089,-114590.6132097473,0.0,13073.606032800004,1053430.7707055672,107902.06360340946,158065.4336370079,No,No,43474.82042726061,0.0,35818705.367058,35921774.0494288,dairy ,44.7709677,-90.07615,n173,173,MULTIFORM
173,"W136 Panther Creek Rd, Chili, WI 54420",3575,0.0,49426968.662499994,31136.15205097514,-78722.08617011718,-87110.74126041397,0.0,39541.574929999995,1391831.5857912193,131986.73954677224,198264.43410825887,No,No,111153.69284784491,0.0,108334916.82507,108649362.98811999,dairy ,44.6435634,-90.3189010999999,n174,174,NURESYS
174,"3743 Wood Rd, Fennimore, WI 538099693",1251,0.0,17295982.6005,10895.475864551021,-67067.14527618205,-118326.42669808534,0.0,13836.7860804,1053430.7707055672,114175.7473197348,164339.11735333325,No,No,46012.690655247905,0.0,37909645.0204649,38018808.5821366,dairy ,43.004664700000006,-90.6134585,n175,175,MULTIFORM
175,"6401 Company Lake Rd, Oconto Falls, WI 54154",3055,0.0,42237591.4025,26607.257207196933,-78307.10894433934,-84205.90067996898,0.0,33790.073122,1391831.5857912193,112914.08909754983,179191.78365903645,No,No,94985.88297906748,0.0,92577110.7414231,92845624.4807572,dairy ,44.907694899999996,-88.2014849999999,n176,176,NURESYS
176,"E13843 Kouba Valley Rd, Hillsboro, WI 54634",948,0.0,13106787.774000002,8256.523676734108,-64469.5717440174,-101573.34522104882,0.0,10485.430219200001,1049140.9709612187,86482.3814546216,136441.47530991773,No,No,34868.130088868915,0.0,28727692.629417103,28810091.721115503,dairy ,43.618778999999996,-90.387911,n177,177,MULTIFORM
177,"N3603 Vanden Bosch Road, Kaukauna, WI 54130",3763,0.0,52026205.0565,32773.521725264174,-120721.09736321759,-284655.4862787834,0.0,41620.9640452,1681176.5857912193,343005.3376291256,423061.3655239456,No,No,138405.87924516216,0.0,114031969.793773,114363022.29462801,dairy ,44.369921999999995,-88.258894,n178,178,MULTIFORM
178,"2314 Shady Lane Rd, Saukville, WI 53080",1322,0.0,18277609.111,11513.844198989966,-67616.30212436426,-122170.52463536074,0.0,14622.087288800001,1053430.7707055672,120631.27694088117,170794.6469744796,No,No,48624.12233911888,0.0,40061191.6203474,40176626.7244881,dairy ,43.427712,-87.9858989999999,n179,179,MULTIFORM
179,"14319 S Union Road, Cleveland, WI 53015",1473,0.0,20365293.6615,12828.965586317865,-68784.22725218837,-130346.00053012952,0.0,16292.234929200002,1053430.7707055672,134360.64275486855,184524.012788467,No,No,54178.012258337454,0.0,44637016.079252504,44765789.2525877,dairy ,43.925591999999895,-87.779209,n180,180,MULTIFORM
180,"218040 Black Cherry Drive, Eland, WI 54427",2723,0.0,37647450.5365,23715.732037707778,-112677.10972787271,-228347.57283136924,0.0,30117.9604292,1681176.5857912193,248445.46712219281,328501.4950170128,No,No,100153.92218564355,0.0,82516357.6264796,82755545.2799024,dairy ,44.816149499999895,-89.2695931,n181,181,MULTIFORM
181,"4012 Otto Lane, Valders, WI 54245",1252,0.0,17309808.326000005,10904.185277712133,-67074.87987967758,-118380.56892255401,0.0,13847.846660800004,1053430.7707055672,114266.67027214532,164430.04030574375,No,No,46049.471383189746,0.0,37939948.4937027,38049200.3869584,dairy ,44.0486066,-87.85337320000001,n182,182,MULTIFORM
182,"315 355th Ave, Frederic, WI 54837",1505,0.0,20807716.8775,13107.66680747345,-69031.73456404514,-132078.5517131269,0.0,16646.173502,1053430.7707055672,137270.17723200496,187433.54726560338,No,No,55354.9955524765,0.0,45606727.2228615,45738327.0068869,dairy ,45.719291299999895,-92.21949479999991,n183,183,MULTIFORM
183,"N4893 Hwy C, Kewaunee, WI 54216",9979,0.0,137966914.7645,86911.23393473592,-170405.21695327153,61197.207118318736,0.0,110373.5318116,3762101.1773736575,126690.00190031956,305837.6770133509,Yes,No,367034.88413166965,0.0,302398359.43982404,303278481.067259,dairy ,44.5025646,-87.60006489999991,n184,184,CRYSTALACTOR
184,"W2828 Meadowlark Road, Fredonia, WI 53021",2426,0.0,33541210.063,21129.03632885753,-110379.93248970211,-212267.33216417505,0.0,26832.9680504,1681176.5857912193,221441.35025627067,301497.37815109064,No,No,89230.04598691559,0.0,73516226.07485841,73729179.2478124,dairy ,43.457674700000005,-87.9548933,n185,185,MULTIFORM
185,"6373 Pelishek Lane, Lena, WI 54139",1068,0.0,14765874.834,9301.653256067539,-65397.72416348026,-108070.41215728893,0.0,11812.6998672,1049140.9709612187,97393.13574388309,147352.22959917923,No,No,39281.8174418903,0.0,32364109.4179509,32457108.299737703,dairy ,44.985838,-88.078549,n186,186,MULTIFORM
186,"N1497 State Rd 108, Melrose, WI 54642",1581,0.0,21858472.015500005,13769.582207717958,-69619.56442970494,-136193.36077274563,0.0,17486.777612400005,1053430.7707055672,144180.3216152039,194343.6916488023,No,No,58150.3308760567,0.0,47909791.188932896,48048104.173347704,dairy ,44.119847799999995,-90.9960706,n187,187,MULTIFORM
187,"W1776 Aspen Ave, Pine River, WI 54965",3575,0.0,49426968.662499994,31136.15205097514,-119266.9919060591,-274476.7480786739,0.0,39541.574929999995,1681176.5857912193,325911.8225759493,405967.8504707693,No,No,131491.10239209534,0.0,108334916.82507,108649362.98811999,dairy ,44.170626,-88.9684777,n188,188,MULTIFORM
188,"N5875 Hwy E, Albany, WI 53502",1150,0.0,15899584.325000001,10015.825135278717,-66285.95032313414,-112858.06202674995,0.0,12719.66746,1053430.7707055672,104992.52912627308,155155.8991598715,No,No,42297.83713312158,0.0,34848994.223449,34949236.2951295,dairy ,42.718222,-89.4332678999999,n189,189,MULTIFORM
189,"N998 Hwy K, Fort Atkinson, WI 53538",1518,0.0,20987451.309000004,13220.889178567904,-69132.28440948694,-132782.40063121956,0.0,16789.961047200006,1053430.7707055672,138452.1756133416,188615.54564694,No,No,55833.14501572048,0.0,46000672.3749526,46133420.469571,dairy ,42.9288944,-88.83705090000001,n190,190,MULTIFORM
190,"364 Remy Rd, Belleville, WI 53508",963,0.0,13314173.6565,8387.164874150785,-64585.590796450255,-102385.47858807883,0.0,10651.3389252,1049140.9709612187,87846.22574077928,137805.3195960754,No,No,35419.84100799658,0.0,29182244.727983803,29265968.7934433,dairy ,42.873461,-89.522408,n191,191,MULTIFORM
191,"W2470 Cty Rd AW, Randolph, WI 53965",1764,0.0,24388579.781999998,15363.404816201435,-71034.99686938582,-146101.3878505117,0.0,19510.863825599998,1053430.7707055672,160819.22190632758,210982.59193992603,No,No,64881.2040894143,0.0,53455326.7914469,53609804.4557465,dairy ,43.63487070000001,-89.0041104,n192,192,MULTIFORM
192,"N1602 Buchholtz Rd, Weyauwega, WI 54983",3603,0.0,49814088.976500005,31380.01561948627,-119483.56080393374,-275992.7303637965,0.0,39851.271181200005,1681176.5857912193,328457.66524344357,408513.69313826354,No,No,132520.96277446699,0.0,109183414.075728,109500333.523132,dairy ,44.2988422,-88.9592217,n193,193,MULTIFORM
193,"W3018 Wilson Lima Road , Oostburg, WI 53070",1364,0.0,18858289.582000002,11879.639551756667,-67941.15547117626,-124444.49806304477,0.0,15086.631665600004,1053430.7707055672,124450.04094212268,174613.41097572114,No,No,50168.91291267636,0.0,41333937.49633429,41453082.5270058,dairy ,43.643852700000004,-87.8607172999999,n194,194,MULTIFORM
194,"5010 Town Hall Dr, Cottage Grove, WI 53527",1895,0.0,26199749.8225,16504.3379403071,-72048.22992729946,-153194.01925590716,0.0,20959.799858000002,1053430.7707055672,172730.1286721047,222893.49870570312,No,No,69699.479449796,0.0,57425081.7855963,57591130.887409106,dairy ,43.133922999999996,-89.176236,n195,195,MULTIFORM
195,"1244 County Line Rd, De Pere, WI 54115",1337,0.0,18484994.993500005,11644.485396406648,-67732.32117679711,-122982.65800239074,0.0,14787.995994800005,1053430.7707055672,121995.12122703886,172158.4912606373,No,No,49175.83325824656,0.0,40515743.7189142,40632503.7968158,dairy ,44.435092999999895,-88.1878739,n196,196,MULTIFORM
196,"920 East Townline Road, Athens, WI 54411",2026,0.0,28010919.863,17645.271064412766,-73061.4629852131,-160286.6506613026,0.0,22408.7358904,1053430.7707055672,184641.03543788186,234804.40547148028,No,No,74517.75481017766,0.0,61394836.7797458,61572457.3190717,dairy ,45.033349900000005,-90.0473969999999,n197,197,MULTIFORM
197,"W3367 Ledge Rd, Malone, WI 53049",2741,0.0,37896313.5955,23872.50147460779,-112816.33259079214,-229322.13287180528,0.0,30317.0508764,1681176.5857912193,250082.08026558202,330138.108160402,No,No,100815.97528859672,0.0,83061820.1447597,83302597.76669571,dairy ,43.8210075,-88.32427390000001,n198,198,MULTIFORM
198,"W9150 Lincoln Rd, Eldorado, WI 54932",2127,0.0,29407318.1385,18524.921793685073,-74053.6806023636,-166316.90228613873,0.0,23525.8545108,1056176.5857912193,194255.38748552752,244549.51061844273,No,No,78232.608332304,0.0,64455487.57676171,64642029.6060787,dairy ,43.863817999999895,-88.61717890000001,n199,199,MULTIFORM
199,"6626 Ripp Dr, Dane, WI 53529",1494,0.0,20655633.897,13011.863262701216,-68946.65392559438,-131482.9872439715,0.0,16524.507117600002,1053430.7707055672,136270.02475548926,186433.3947890877,No,No,54950.4075451162,0.0,45273389.017245896,45404017.1538466,dairy ,43.219504,-89.4847779999999,n200,200,MULTIFORM
200,"W2268 Hickory Hills Road, Chilton, WI 53014",1970,0.0,27236679.234999996,17157.5439273905,-72628.32518946374,-157254.6860910572,0.0,21789.343387999994,1053430.7707055672,179549.3501028931,229712.72013649152,No,No,72458.03404543434,0.0,59697842.27843001,59870516.249047995,dairy ,44.059823,-88.152647,n201,201,MULTIFORM
201,"17231 Point Creek Rd, Kiel, WI 53042",2752,0.0,38048396.576000005,23968.30501938002,-112901.41322924291,-229917.6973409606,0.0,30438.717260800004,1681176.5857912193,251082.23274209767,331138.26063691766,No,No,101220.56329595702,0.0,83395158.3503753,83636907.61973609,dairy ,43.962606,-87.9196319,n202,202,MULTIFORM
202,"W4705 County Rd D, Random Lake, WI 53075",3201,0.0,44256147.3255,27878.831528719267,-116374.25019873316,-254227.55612739228,0.0,35404.9178604,1681176.5857912193,291906.6383744176,371962.6662692376,No,No,117735.11014184532,0.0,97001417.83413929,97282827.98474759,dairy ,43.571302,-87.9327198,n203,203,MULTIFORM
203,"N7832 Village Rd, Bear Creek, WI 54922",1522,0.0,21042754.211,13255.726831212354,-69163.22282346904,-132998.96952909423,0.0,16834.2033688,1053430.7707055672,138815.86742298363,188979.23745658208,No,No,55980.267927487854,0.0,46121886.2679038,46254987.6888584,dairy ,44.520373,-88.734526,n204,204,MULTIFORM
204,"N3265 County Rd AB, Luxemburg, WI 54217",3117,0.0,43094786.38350001,27147.240823185883,-115724.54350510913,-249679.6092720242,0.0,34475.8291068,1681176.5857912193,284269.1103719346,364325.13826675457,No,No,114645.52899473037,0.0,94455926.08216558,94729916.379712,dairy ,44.441773,-87.68502590000001,n205,205,MULTIFORM
205,"N368 Hwy 51, DeForest, WI 53532",999,0.0,13811899.774500001,8700.703747950814,-64864.036522289105,-104334.59866895086,0.0,11049.5198196,1049140.9709612187,91119.45202755772,141078.54588285385,No,No,36743.947213903,0.0,30273169.764543895,30360073.7670299,dairy ,43.290199,-89.324268,n206,206,MULTIFORM
206,"N8997 County Road M, Pickett, WI 54964",13569,0.0,187601269.30950004,118178.02718312776,-157953.3094528794,148360.5596210636,0.0,150081.01544760005,3762101.1773736575,171569.4627087979,350717.1378218292,Yes,No,499077.6974428928,0.0,411187828.36346,412385060.377707,dairy ,43.867771000000005,-88.717945,n207,207,CRYSTALACTOR
207,"W849 County Rd U, Cochrane, WI 54622",1125,0.0,15553941.187500006,9798.089806250919,-66092.58523574604,-111504.50641503328,0.0,12443.152950000003,1053430.7707055672,102719.45531601028,152882.82534960873,No,No,41378.31893457546,0.0,34091407.3925044,34189441.1745832,dairy ,44.3237041,-91.6903002,n208,208,MULTIFORM
208,"W3855 Ebenezer Dr, Watertown, WI 53094",1739,0.0,24042936.6445,15145.669487173636,-70841.63178199773,-144747.83223879503,0.0,19234.3493156,1053430.7707055672,158546.14809606478,208709.5181296632,No,No,63961.685890868175,0.0,52697739.9605024,52850009.3352003,dairy ,43.1365465,-88.7221668999999,n209,209,MULTIFORM
209,"W7222 Cemetary Rd, Van Dyne, WI 54979",2185,0.0,30209210.217499997,19030.067757029556,-74502.28760510396,-169457.15130532143,0.0,24167.368174,1056176.5857912193,199528.9187253372,249823.0418582524,No,No,80365.89055293098,0.0,66213089.024553,66404754.285746105,dairy ,43.862695,-88.521648,n210,210,MULTIFORM
210,"N7223 County Road AB, Luxemburg, WI 54217",1502,0.0,20766239.700999998,13081.538567990114,-69008.53075355856,-131916.12503972085,0.0,16612.9917608,1053430.7707055672,136997.40837477337,187160.77840837179,No,No,55244.65336865096,0.0,45515816.8031481,45647151.5924214,dairy ,44.586233,-87.704374,n211,211,MULTIFORM
211,"7900 Old Elm Rd, Sturgeon Bay, WI 54235",7220,0.0,99821738.11000003,62881.96302322811,-140391.21050443305,29474.48699644822,0.0,79857.39048800003,3036638.8815824385,91480.51723974598,236082.3687436716,Yes,No,265556.8557401198,0.0,218791076.776784,219427491.56377,dairy ,44.736683899999996,-87.50275490000001,n212,212,CRYSTALACTOR
212,"1631 4th St, Almena, WI 54805",3010,0.0,41615433.755,26215.3336149469,-114896.9409310881,-243886.3912538769,0.0,33292.347004,1681176.5857912193,274540.3544640099,354596.3823588299,No,No,110709.991104953,0.0,91213454.445723,91477993.2637739,dairy ,45.443012,-92.07145600000001,n213,213,MULTIFORM
213,"N4646 Hill Road, Bryant, WI 544189703",2268,0.0,31356745.434000008,19752.949049401846,-75144.25969523247,-173950.95593622082,0.0,25085.39634720001,1056176.5857912193,207075.52377540973,257369.64690832494,No,No,83418.69097210412,0.0,68728277.3032889,68927274.0859598,dairy ,45.1957146,-89.0315902,n214,214,MULTIFORM
214,"5707 County Rd VV, Marshall, WI 53559",6083,0.0,84101888.2165,52979.36025904385,-173338.55794071045,-440918.84839082696,0.0,67281.5105732,2317353.1715824385,554305.8654333339,664656.0164610691,No,No,223737.1680702422,0.0,184336027.705426,184872009.481324,dairy ,43.161294899999994,-89.1700738999999,n215,215,MULTIFORM
215,"852 30th St, Chetek, WI 54728",980,0.0,13549210.990000002,8535.224897889688,-64717.07905587414,-103305.89640404619,0.0,10839.368792000001,1049140.9709612187,89391.91593175799,139351.00978705412,No,No,36045.11338300794,0.0,29697403.773026098,29782629.475414697,dairy ,45.330174,-91.5436359999999,n216,216,MULTIFORM
216,"E1411 Bolt Road, Denmark, WI 54208",1146,0.0,15844281.423000002,9980.987482634268,-66255.01190915205,-112641.49312887529,0.0,12675.425138400002,1053430.7707055672,104628.83731663103,154792.2073502295,No,No,42150.714221354196,0.0,34727780.3304978,34827669.075842105,dairy ,44.340053999999895,-87.697473,n217,217,MULTIFORM
217,"228525 Schairer Rd., Birnamwood, WI 54414",2381,0.0,32919052.4155,20737.112736607494,-76018.26989022667,-180069.0273011803,0.0,26335.2419324,1056176.5857912193,217349.81739779765,267643.9405307129,No,No,87574.91322953257,0.0,72152569.7791583,72361548.03082909,dairy ,44.9387999,-89.2586245,n218,218,MULTIFORM
218,"31553 Slow Lane, Lone Rock, WI 53556",2191,0.0,30292164.5705,19082.324235996228,-74548.6952260771,-169782.00465213347,0.0,24233.731656400003,1056176.5857912193,200074.4564398003,250368.5795727155,No,No,80586.57492058203,0.0,66394909.8639797,66587105.114677295,dairy ,43.2369755,-90.3019743999999,n219,219,MULTIFORM
219,"W3773 Old Dump Road, Bonduel, WI 54107",1930,0.0,26683650.215000007,16809.16740094602,-72318.9410496428,-155088.99711231052,0.0,21346.920172000006,1053430.7707055672,175912.43200647263,226075.80204007105,No,No,70986.80492776055,0.0,58485703.3489187,58654844.0561739,dairy ,44.7048817,-88.4132338,n220,220,MULTIFORM
220,"W2920 Faro Springs Rd, Hilbert, WI 54129",2316,0.0,32020380.258000005,20171.00088113522,-75515.5206630176,-176549.78271071683,0.0,25616.304206400007,1056176.5857912193,211439.8254911143,261733.9486240295,No,No,85184.16591331267,0.0,70182844.0187025,70386080.7174087,dairy ,44.123870200000006,-88.1870752,n221,221,MULTIFORM
221,"W2540 CTH S, Kaukauna, WI 54130",2165,0.0,29932695.707500003,18855.87949380732,-74347.5955351935,-168374.30681594808,0.0,23946.156566000005,1056176.5857912193,197710.45967712696,248004.58281004216,No,No,79630.2759940941,0.0,65607019.5597974,65796918.189309105,dairy ,44.388484999999996,-88.31450500000001,n222,222,MULTIFORM
222,"N3832 Hwy W, Eden, WI 53019",1659,0.0,22936878.604500003,14448.91643428469,-70222.8635023558,-140416.45428130165,0.0,18349.502883600002,1053430.7707055672,151272.31190322383,201435.68193682225,No,No,61019.227655520604,0.0,50273462.1014799,50418664.9494521,dairy ,43.68002,-88.2720289999999,n223,223,MULTIFORM
223,"S14111 County Road I, Eleva, WI 54738",1698,0.0,23476081.899000004,14788.583547568047,-70524.51303868125,-142528.0010355797,0.0,18780.865519200004,1053430.7707055672,154818.3070472338,204981.67708083225,No,No,62453.67604525254,0.0,51455297.557753295,51603945.3375043,dairy ,44.623206,-91.42537,n224,224,MULTIFORM
224,"E745 Luxemburg Rd, Luxemburg, WI 54217",1606,0.0,22204115.153,13987.317536745755,-69812.92951709304,-137546.91638446227,0.0,17763.292122400002,1053430.7707055672,146453.39542546665,196616.7654590651,No,No,59069.849074602826,0.0,48667378.0198774,48807899.293894,dairy ,44.514428,-87.7320359,n225,225,MULTIFORM
225,"W229 Cnty Rd ZZ, Kaukauna, WI 54130",1187,0.0,16411136.1685,10338.073422239857,-66572.13065246854,-114861.32433209062,0.0,13128.908934800002,1053430.7707055672,108356.67836546201,158520.04839906044,No,No,43658.72406696983,0.0,35970222.7332469,36073733.0735381,dairy ,44.312820200000004,-88.1992313,n226,226,MULTIFORM
226,"N8681 Bastian Rd, Brillion, WI 54110",4550,0.0,62907051.025,39627.82988305926,-126808.23031419491,-327265.4169356246,0.0,50325.64082,1681176.5857912193,414561.70117619867,494617.72907101864,No,No,167352.31213539402,0.0,137880803.231907,138281372.689426,dairy ,44.203571999999994,-88.106757,n227,227,MULTIFORM
227,"14421 Mineral Springs Rd, Newton, WI 53063",4011,0.0,55454984.98050001,34933.45618921994,-122639.27903010753,-298082.75794701296,0.0,44363.98798440001,1681176.5857912193,365554.22982693266,445610.2577217526,No,No,147527.49977473967,0.0,121547231.15674199,121900189.89044699,dairy ,43.940131799999996,-87.8681948,n228,228,MULTIFORM
228,"N5339 Cty A, Westfield, WI 53964",2534,0.0,35034388.41700001,22069.652950257627,-111215.26966721872,-218114.69240679115,0.0,28027.510733600007,1681176.5857912193,231261.029116606,311317.05701142596,No,No,93202.36460463484,0.0,76789001.1845389,77011494.16857241,dairy ,43.8917751,-89.4897974,n229,229,MULTIFORM
229,"N764 Zenda Road, Lake Geneva, WI 53147",4972,0.0,68741507.186,43303.2022370485,-164745.4134571833,-380766.83700613736,0.0,54993.2057488,2317353.1715824385,453290.4653052548,563640.6163329899,No,No,182873.77932685256,0.0,150668868.938251,151106714.324247,dairy ,42.524828,-88.48211859999991,n230,230,MULTIFORM
230,"10219 County Road F, Newton, WI 53063",1776,0.0,24554488.48800001,15467.91777413478,-71127.81211133214,-146751.09454413573,0.0,19643.590790400005,1053430.7707055672,161910.29733525377,212073.66736885218,No,No,65322.572824716466,0.0,53818968.4703003,53974506.11360879,dairy ,43.978550399999996,-87.8015822,n231,231,MULTIFORM
231,"8544 County Highway X, Chippewa Falls, WI 54729",2118,0.0,29282886.609000005,18446.53707523506,-73984.06917090388,-165829.62226592074,0.0,23426.309287200005,1056176.5857912193,193437.0809138329,243731.2040467481,No,No,77901.58178082739,0.0,64182756.3176217,64368503.362682104,dairy ,44.901922,-91.497807,n232,232,MULTIFORM
232,"W2686 390th Ave, Maiden Rock, WI 54750",2045,0.0,28273608.6475,17810.749914473887,-73208.42045162806,-161315.35292620724,0.0,22618.886918,1053430.7707055672,186368.57153368153,236531.94156727998,No,No,75216.58864107271,0.0,61970602.7712636,62149901.6106869,dairy ,44.6787927,-92.26580870000001,n233,233,MULTIFORM
233,"N1930 County Road G, Brodhead, WI 53520",2574,0.0,35587417.437,22418.029476702093,-111524.65380703966,-220280.3813855378,0.0,28469.933949600003,1681176.5857912193,234897.94721302643,314953.97510784643,No,No,94673.59372230862,0.0,78001140.11405009,78227166.3614465,dairy ,42.5695939,-89.4255293,n234,234,MULTIFORM
234,"E6393 240th Ave, Menomonie , WI 54751",396,0.0,5474987.298,3448.9276118003236,-60200.07061448819,-71686.83731434442,0.0,4379.989838400001,1049140.9709612187,36292.91172401884,86252.00557931498,No,No,14565.168264970558,0.0,12000175.4021616,12033815.4594533,dairy ,44.769230900000004,-91.8397586,n235,235,MULTIFORM
235,"N7518 Tonet Rd, Luxemburg, WI 54217",2383,0.0,32946703.8665,20754.531562929715,-76033.73909721771,-180177.31175011757,0.0,26357.3630932,1056176.5857912193,217531.6633026186,267825.78643553384,No,No,87648.47468541624,0.0,72213176.7256338,72422331.6404728,dairy ,44.597806,-87.7312429999999,n236,236,MULTIFORM
236,"4819 Glenview Rd, Denmark, WI 54208",2803,0.0,38753508.5765,24412.485090596725,-113295.87800751464,-232678.95078886265,0.0,31002.8068612,1681176.5857912193,255719.30331503376,335775.33120985376,No,No,103096.3804209911,0.0,84940635.4855021,85186889.66565059,dairy ,44.409508,-87.90476699999991,n237,237,MULTIFORM
237,"W5895 Hwy 63, Ellsworth, WI 54010",2490,0.0,34426056.495000005,21686.438771168698,-110874.94711341568,-215732.43453016976,0.0,27540.845196000002,1681176.5857912193,227260.41921054345,307316.4471053634,No,No,91584.01257519366,0.0,75455648.3620765,75674254.7564109,dairy ,44.7320968,-92.425393,n238,238,MULTIFORM
238,"5027 Highway 81 East, Lancaster, WI 53813",987,0.0,13645991.068500005,8596.190790017472,-64771.22128034283,-103684.89197532684,0.0,10916.792854800004,1049140.9709612187,90028.37659863158,139987.4704539277,No,No,36302.57847860087,0.0,29909528.085690502,29995372.1091677,dairy ,42.8137824999999,-90.6715009999999,n239,239,MULTIFORM
239,"N7339 Regina Road, Wittenberg, WI 54499",1390,0.0,19217758.445,12106.084293945576,-68142.25516205987,-125852.1958992301,0.0,15374.206756,1053430.7707055672,126814.03770479596,176977.4077383944,No,No,51125.21183916432,0.0,42121827.8005166,42243269.452374,dairy ,44.8576378,-89.02457009999999,n240,240,MULTIFORM
240,"13104 Lakeshore Rd, Two Rivers, WI 54241",1960,0.0,27098421.980000004,17070.449795779376,-72550.97915450852,-156713.26384637054,0.0,21678.737584000002,1053430.7707055672,178640.120578788,228803.49061238643,No,No,72090.22676601588,0.0,59394807.546052195,59566598.200829506,dairy ,44.256712,-87.52526399999991,n241,241,MULTIFORM
241,"N6848 County Rd D, New London, WI 54961",1776,0.0,24554488.48800001,15467.91777413478,-71127.81211133214,-146751.09454413573,0.0,19643.590790400005,1053430.7707055672,161910.29733525377,212073.66736885218,No,No,65322.572824716466,0.0,53818968.4703003,53974506.11360879,dairy ,44.487241999999895,-88.723636,n242,242,MULTIFORM
242,"20507 Sunny Slope Road, Reedsville, WI 54230",1283,0.0,17738405.8165,11174.177085706604,-67314.65258803882,-120058.97788108271,0.0,14190.724653200003,1053430.7707055672,117085.2817968712,167248.65183046967,No,No,47189.67394938694,0.0,38879356.1640739,38991346.336435795,dairy ,44.166018,-87.977102,n243,243,MULTIFORM
243,"13674 County Rd M, Suring , WI 54174",3390,0.0,46869209.44500001,29524.91061616943,-78574.45004171545,-86077.28836160181,0.0,37495.367556000005,1391831.5857912193,125201.27736772197,191478.9719292086,No,No,105401.68356760679,0.0,102728774.27608001,103026879.09607801,dairy ,44.993569,-88.44313690000001,n244,244,NURESYS
244,"6600 Sunset Dr, Allenton, WI 53002",2865,0.0,39610703.5575,24952.46870658567,-113775.42342423712,-236035.76870592008,0.0,31688.562846,1681176.5857912193,261356.52636448556,341412.5542593055,No,No,105376.78555338547,0.0,86819450.8262446,87071181.5646053,dairy ,43.4117065,-88.37700790000001,n245,245,MULTIFORM
245,"6000 Elm Rd, Auburndale, WI 54412",1905,0.0,26338007.0775,16591.43207191822,-72125.57596225472,-153735.44150059385,0.0,21070.405662,1053430.7707055672,173639.35819620985,223802.72822980827,No,No,70067.28672921444,0.0,57728116.517974205,57895048.9356276,dairy ,44.58509,-90.019386,n246,246,MULTIFORM
246,"N8812 River Valley Rd, Ixonia, WI 53036",2228,0.0,30803716.414,19404.572522957373,-74834.87555541152,-171785.2669574742,0.0,24642.9731312,1056176.5857912193,203438.6056789893,253732.7288119045,No,No,81947.46185443031,0.0,67516138.3737777,67711601.8930858,dairy ,43.1630453,-88.5742911999999,n247,247,MULTIFORM
247,"N3397 S Broadway Rd, Bonduel, WI 54107",1750,0.0,24195019.625000007,15241.473031945872,-70926.7124204485,-145343.3967079504,0.0,19356.015700000004,1053430.7707055672,159546.30057258045,209709.67060617887,No,No,64366.27389822851,0.0,53031078.166117996,53184319.1882406,dairy ,44.706047999999996,-88.386044,n248,248,MULTIFORM
248,"5385 Sunset Dr, Kewaskum, WI 53040",1360,0.0,18802986.68,11844.801899112217,-67910.21705719414,-124227.92916517008,0.0,15042.389344,1053430.7707055672,124086.34913248061,174249.71916607907,No,No,50021.79000090898,0.0,41212723.6033831,41331515.307718396,dairy ,43.49071,-88.304271,n249,249,MULTIFORM
249,"5580 Humboldt Rd, Luxemburg, WI 54217",1400,0.0,19356015.7,12193.178425556694,-68219.60119701512,-126393.61814391677,0.0,15484.81256,1053430.7707055672,127723.26722890111,177886.63726249954,No,No,51493.019118582786,0.0,42424862.532894395,42547187.5005925,dairy ,44.501796999999996,-87.7956651,n250,250,MULTIFORM
250,"3006 Lone Elm Rd, Van Dyne, WI 54979",3734,0.0,51625259.017000005,32520.94874359194,-120496.7938618474,-283085.3617691921,0.0,41300.207213600006,1681176.5857912193,340368.5720092208,420424.59990404075,No,No,137339.23813484865,0.0,113153169.069877,113481659.95479499,dairy ,43.895067299999994,-88.5950713,n251,251,MULTIFORM
251,"3793 State Hwy 57, De Pere, WI 54115",2694,0.0,37246504.497,23463.159056035533,-112452.80622650252,-226777.44832177792,0.0,29797.203597600004,1681176.5857912193,245808.70150228793,325864.7293971079,No,No,99087.28107533001,0.0,81637556.90258391,81874182.9400687,dairy ,44.3926919,-88.0891439999999,n252,252,MULTIFORM
252,"N3569 Vanden Bosch Rd, Kaukauna, WI 54130",10677,0.0,147617271.1635,92990.404321192,-167984.20541141252,78144.28791133157,0.0,118093.8169308,3762101.1773736575,135415.8692107145,314563.5443237458,Yes,No,392707.8322350774,0.0,323550183.759795,324491960.832912,dairy ,44.366372,-88.2587303999999,n253,253,CRYSTALACTOR
253,"2768 Poplar St, Wrightstown, WI 54180",3479,0.0,48099699.01449999,30300.04838750839,-118524.4699704888,-269279.0945296819,0.0,38479.759211599994,1681176.5857912193,317183.2191445402,397239.24703936017,No,No,127960.15250967827,0.0,105425783.394243,105731749.72522199,dairy ,44.334034,-88.168628,n254,254,MULTIFORM
254,"S601 County Tk F, Durand, WI 54736",1809,0.0,25010737.4295,15755.328408451474,-71383.05402668443,-148537.7879516018,0.0,20008.5899436,1053430.7707055672,164910.75476480066,215074.1247983991,No,No,66536.33684679732,0.0,54818983.0871471,54977435.672729895,dairy ,44.626354299999996,-91.9657259999999,n255,255,MULTIFORM
255,"N8257 County Rd F, Berlin, WI 54923",1689,0.0,23351650.3695,14710.198829118044,-70454.90160722155,-142040.72101536166,0.0,18681.3202956,1053430.7707055672,154000.0004755392,204163.37050913763,No,No,62122.64949377594,0.0,51182566.2986133,51330419.0941077,dairy ,43.970564700000004,-88.9789301,n256,256,MULTIFORM
256,"1100 East Taft Street, Blair, WI 54616",1905,0.0,26338007.0775,16591.43207191822,-72125.57596225472,-153735.44150059385,0.0,21070.405662,1053430.7707055672,173639.35819620985,223802.72822980827,No,No,70067.28672921444,0.0,57728116.517974205,57895048.9356276,dairy ,44.293869,-91.2137585999999,n257,257,MULTIFORM
257,"8716 CCC Road, Oconto Falls, WI 54154",1239,0.0,17130073.894500002,10790.962906617679,-66974.33003423577,-117676.72000446134,0.0,13704.059115600001,1053430.7707055672,113084.67189080865,163248.0419244071,No,No,45571.32191994576,0.0,37546003.3416115,37654106.92427439,dairy ,44.839344999999895,-88.2008039999999,n258,258,MULTIFORM
258,"3416 Stone Rd, Manitowoc, WI 54220",1621,0.0,22411501.0355,14117.958734162432,-69928.94856952592,-138359.04975149228,0.0,17929.2008284,1053430.7707055672,147817.23971162434,197980.60974522278,No,No,59621.55999373048,0.0,49121930.118444204,49263776.3662217,dairy ,44.138624,-87.741411,n259,259,MULTIFORM
259,"W5993 Little Chicago Rd, Phillips, WI 54555",4138,0.0,57210852.118999995,36039.55166068115,-123621.57367403904,-304958.8204545336,0.0,45768.6816952,1681176.5857912193,377101.4447830677,457157.47267788765,No,No,152198.652223354,0.0,125395772.257941,125759949.102823,dairy ,45.6366934,-90.3439305,n260,260,MULTIFORM
260,"N695 Hopkins Rd, Arlington, WI 53911",2179,0.0,30126255.8645,18977.81127806289,-74455.87998413084,-169132.29795850944,0.0,24101.004691600003,1056176.5857912193,198983.38101087417,249277.50414378938,No,No,80145.20618527994,0.0,66031268.1851264,66222403.456815004,dairy ,43.301296,-89.347421,n261,261,MULTIFORM
261,"950 180th Street, Dresser, WI 54009",2310,0.0,31937425.905,20118.74440216855,-75469.11304204445,-176224.92936390484,0.0,25549.940724,1056176.5857912193,210894.28777665124,261188.41090956645,No,No,84963.48154566162,0.0,70001023.1792758,70203729.8884776,dairy ,45.3457176,-92.52967240000001,n262,262,MULTIFORM
262,"4357 County Rd U, Wrightstown, WI 54180",772,0.0,10673460.086000003,6723.666960378408,-63108.281528805186,-92044.31371456337,0.0,8538.768068800004,1049140.9709612187,70479.94183037145,120439.03568566758,No,No,28394.721971104216,0.0,23394281.339567497,23461134.072469603,dairy ,44.3407527,-88.18880809999999,n263,263,MULTIFORM
263,"12434 Tannery Rd, Mishicot, WI 54288",1410,0.0,19494272.955000006,12280.272557167818,-68296.94723197036,-126935.04038860348,0.0,15595.418364000005,1053430.7707055672,128632.49675300629,178795.86678660475,No,No,51860.82639800125,0.0,42727897.26527221,42851105.548810996,dairy ,44.249486999999895,-87.5848659999999,n264,264,MULTIFORM
264,"N6395 CTH N, Monticello, WI 53570",1602,0.0,22148812.251000002,13952.479884101307,-69781.99110311097,-137330.3474865876,0.0,17719.0498008,1053430.7707055672,146089.7036158246,196253.07364942302,No,No,58922.726162835424,0.0,48546164.126926295,48686332.074606605,dairy ,42.736022,-89.663736,n265,265,MULTIFORM
265,"W8303 22nd Rd, Crivitz, WI 54114",3036,0.0,41974902.61800001,26441.77835713581,-115098.04062197171,-245294.0890900622,0.0,33579.92209440001,1681176.5857912193,276904.3512266832,356960.37912150315,No,No,111666.29003144096,0.0,92001344.7499053,92268180.189142,dairy ,45.166490499999895,-88.00922990000001,n266,266,MULTIFORM
266,"5555 County Highway A, Merrill, WI 54452",5570,0.0,77009291.03500003,48511.43130739343,-169370.70634750664,-413143.8872384005,0.0,61607.43282800002,2317353.1715824385,507662.3908467412,618012.5418744764,No,No,204868.6546360758,0.0,168790345.93444398,169281013.607714,dairy ,45.0472235,-89.8513504,n267,267,MULTIFORM
267,"W873 Golden Glow Rd, Kaukauna, WI 54130",4370,0.0,60418420.434999995,38060.13551405911,-125416.0016850006,-317519.8165312644,0.0,48334.736348,1681176.5857912193,398195.5697423064,478251.5976371264,No,No,160731.78110586197,0.0,132426178.049106,132810847.82149199,dairy ,44.369791,-88.229303,n268,268,MULTIFORM
268,"N5421 County Rd K, Fond du Lac, WI 54937",3691,0.0,51030752.82050001,32146.443977664123,-120164.20591153989,-280757.24611703935,0.0,40824.60225640001,1681176.5857912193,336458.8850555687,416514.9129503887,No,No,135757.66683334933,0.0,111850119.720652,112174812.34745501,dairy ,43.737139899999995,-88.39941390000001,n269,269,MULTIFORM
269,"7262 Schneider Rd, Middleton, WI 53562",3905,0.0,53989458.0775,34010.258394142074,-121819.41105958198,-292343.6821533341,0.0,43191.566462,1681176.5857912193,355916.3968714183,435972.42476623825,No,No,143628.74261290414,0.0,118335062.99353799,118678658.57933101,dairy ,43.1274563,-89.55367159999999,n270,270,MULTIFORM
270,"N2348 Hwy 42, Kewaunee, WI 54216",2940,0.0,40647632.97,25605.674693669065,-114355.51868640142,-240096.43554107012,0.0,32518.106376,1681176.5857912193,268175.747795274,348231.775690094,No,No,108135.34014902385,0.0,89092211.31907819,89350566.9262442,dairy ,44.4091049,-87.5396509999999,n271,271,MULTIFORM
271,"3603 WAYSIDE RD., GREENLEAF, WI 54126",3275,0.0,45279251.0125,28523.32810264156,-116946.61085740192,-258234.08073807368,0.0,36223.40081,1681176.5857912193,298634.9368527956,378690.96474761557,No,No,120456.88400954189,0.0,99243874.85373509,99531821.5415646,dairy ,44.253367999999895,-87.98704790000001,n272,272,MULTIFORM
272,"W4230 Cty Rd R, Durand, WI 54736",1863,0.0,25757326.6065,16225.636719151516,-71800.7226154427,-151461.4680729098,0.0,20605.8612852,1053430.7707055672,169820.5941949683,219983.96422856674,No,No,68522.49615565693,0.0,56455370.641987294,56618593.1331099,dairy ,44.6546309,-91.8636362,n273,273,MULTIFORM
273,"N6414 Riemer Road, Hilbert, WI 54129",1568,0.0,21678737.584000006,13656.359836623502,-69519.01458426315,-135489.5118546529,0.0,17342.990067200008,1053430.7707055672,142998.32323386718,193161.69326746563,No,No,57672.181412812715,0.0,47515846.036841705,47653010.7106636,dairy ,44.122421,-88.112622,n274,274,MULTIFORM
274,"6200 Maier Rd, Waunakee, WI 53597",1728,0.0,23890853.663999997,15049.865942401404,-70756.55114354695,-144152.26776963967,0.0,19112.682931199997,1053430.7707055672,157545.99561954912,207709.36565314757,No,No,63557.09788350788,0.0,52364401.7548868,52515699.4821599,dairy ,43.214887,-89.47900600000001,n275,275,MULTIFORM
275,"7091 Old 57 Rd, Greenleaf, WI 54126",10463,0.0,144658565.90649998,91126.58990471407,-168726.46396436065,72948.47804069452,0.0,115726.85272519998,3762101.1773736575,132740.60330179683,311888.2784148282,Yes,No,384836.75645552267,0.0,317065240.48691,317988114.601035,dairy ,44.2971705,-88.1107592,n276,276,CRYSTALACTOR
276,"E11310 Buckeye Ridge Road, La Farge, WI 54639",1813,0.0,25066040.331499998,15790.16606109592,-71413.9924406665,-148754.3568494764,0.0,20052.8322652,1053430.7707055672,165274.44657444267,215437.81660804112,No,No,66683.45975856471,0.0,54940196.9800982,55099002.8920173,dairy ,43.622808299999996,-90.6883316,n277,277,MULTIFORM
277,"N1123 Hwy G, Brodhead, WI 53520",1551,0.0,21443700.250499997,13508.299812884594,-69387.52632483924,-134569.09403868555,0.0,17154.960200399997,1053430.7707055672,141452.63304288848,191616.00307648693,No,No,57046.90903780134,0.0,47000686.9917994,47136350.028692104,dairy ,42.546913599999996,-89.4256470999999,n278,278,MULTIFORM
278,"N9594 County Road PP, Brillion, WI 54110",2438,0.0,33707118.769,21233.54928679088,-110472.7477316484,-212917.03885779908,0.0,26965.6950152,1681176.5857912193,222532.42568519682,302588.4535800168,No,No,89671.41472221773,0.0,73879867.75371179,74093880.90567471,dairy ,44.1772137,-88.06426579999999,n279,279,MULTIFORM
279,"11812 Palm Grove Rd, Reedsville, WI 542309410",1531,0.0,21167185.7405,13334.111549662357,-69232.83425492876,-133486.24954931223,0.0,16933.7485924,1053430.7707055672,139634.17399467825,189797.5440282767,No,No,56311.29447896445,0.0,46394617.5270438,46528513.932255104,dairy ,44.161356,-87.829195,n280,280,MULTIFORM
280,"11620 County Road H, Gillett, WI 54124",5382,0.0,74410054.641,46874.06163310439,-80823.70705539573,-98096.55886029082,0.0,59528.043712800005,1403008.1715824383,198623.47806964023,265433.39100213733,No,No,167336.83214184648,0.0,163093292.96574098,163567354.301206,dairy ,44.91349,-88.344915,n281,281,NURESYS
281,"5031 Church Road, Middleton, WI 53562",1888,0.0,26102969.744,16443.372048179317,-71994.0877028308,-152815.0236846265,0.0,20882.375795199998,1053430.7707055672,172093.66800523113,222257.03803882957,No,No,69442.01435420307,0.0,57212957.4729319,57378388.2536562,dairy ,43.131184000000005,-89.543849,n282,282,MULTIFORM
282,"W6347 CTH Y, Brownsville, WI 53006",1602,0.0,22148812.251000002,13952.479884101307,-69781.99110311097,-137330.3474865876,0.0,17719.0498008,1053430.7707055672,146089.7036158246,196253.07364942302,No,No,58922.726162835424,0.0,48546164.126926295,48686332.074606605,dairy ,43.639276,-88.47284499999991,n283,283,MULTIFORM
283,"6013 Morrison Rd, De Pere, WI 54115",1675,0.0,23158090.212500002,14588.267044862476,-70346.6171582842,-141282.72987280035,0.0,18526.47217,1053430.7707055672,152727.07914179203,202890.44917539047,No,No,61607.719302590114,0.0,50758317.6732844,50904933.82660171,dairy ,44.3519946,-87.99625520000001,n284,284,MULTIFORM
