,index,Physical Address,latitude,longitude,NURSERY_PI,FINISHERS,SOWS,BOARS,Animal Units
0,0,7649 S CR 150 E,39.77427,-87.436465,3200.0,10664.0,0.0,0.0,1525.1925192519252
1,4,15793 E CR 800 N,39.320588,-85.750476,4000.0,0.0,0.0,0.0,440.04400440044003
2,6,9844 W CR 100 N,39.350075,-85.658551,1000.0,2000.0,7470.0,0.0,3127.7858122890943
3,8,SR 25 & CR 1300 W,41.17294553,-86.07361571,1020.0,1780.0,0.0,0.0,308.03080308030803
4,12,10564 W CR 200 S,40.134975,-85.176374,0.0,4400.0,0.0,0.0,484.04840484048407
5,14,6606 S CR 800 W,41.513301,-86.855356,3600.0,0.0,0.0,0.0,396.03960396039605
6,16,12887 Riley Rd,41.50811508,-86.11570653,4000.0,3280.0,1334.0,0.0,1300.5055561735949
7,18,3484 W CR 1100 S,39.22812719,-87.17495596,0.0,10800.0,0.0,0.0,1188.118811881188
8,19,CR 200 N & CR 1050 W,41.09234,-86.804814,0.0,3000.0,0.0,0.0,330.03300330033005
9,21,CR 600 W & CR 1200 N,40.364271,-85.493716,0.0,4000.0,0.0,0.0,440.04400440044003
10,23,3510 W CR 150 S,40.142436,-85.044905,0.0,6600.0,0.0,0.0,726.072607260726
11,25,2831 S CR 350 E,40.505474,-86.458593,0.0,9900.0,0.0,0.0,1089.1089108910892
12,26,8980 S CR 350 W,41.034041,-85.558887,0.0,4420.0,0.0,0.0,486.2486248624863
13,28,4230 N CR 200 W,39.81226405,-86.55998222,1760.0,2620.0,471.0,0.0,658.2526792005043
14,30,CR 100 S & CR 350 W,40.532894,-86.610851,0.0,0.0,1424.0,0.0,533.3333333333334
15,31,SR 105 & CR 900 W,40.70217659,-85.62027345,1900.0,5650.0,1039.0,0.0,1219.7216350848569
16,34,1415 E SR 47,40.12629265,-86.44255146,1000.0,1925.0,303.0,0.0,435.2653242852375
17,35,9614 N CR 575 E,39.752996,-85.342946,975.0,1200.0,300.0,14.0,356.87692364742094
18,36,9627 N CR 800 E,39.75441,-85.30148,0.0,2000.0,400.0,0.0,369.83473628261703
19,38,2536 E CR 1100 S,40.591287,-86.820569,1000.0,1890.0,0.0,0.0,317.93179317931794
20,41,SR 28 & CR 200 E,40.263896,-84.933654,0.0,3840.0,0.0,0.0,422.44224422442244
21,42,10315 S CR 500 E,39.46348,-85.348035,900.0,1800.0,400.0,0.0,446.84243705269404
22,43,3560 S CR 150 W,38.93232594,-85.63922088,0.0,115.0,1389.0,0.0,532.8759842276362
23,44,CR 225 W & CR 400 N,39.66555769,-85.48759244,0.0,3800.0,0.0,0.0,418.04180418041807
24,45,CR 550 W & CR 600 N,39.69899837,-85.50601544,0.0,3800.0,0.0,0.0,418.04180418041807
25,46,600 E Gings Rd,39.67619715,-85.43332627,0.0,3800.0,0.0,0.0,418.04180418041807
26,47,1470 Bogard  Bottom Ln,38.95237435,-86.96804504,0.0,10800.0,0.0,0.0,1188.118811881188
27,54,State Line Rd & CR 700 S,40.34106655,-84.80379241,0.0,3840.0,0.0,0.0,422.44224422442244
28,55,23094 Saint Croix Rd,38.17732287,-86.56159454,0.0,2800.0,0.0,0.0,308.03080308030803
29,56,1186 W Border Rd,38.92502866,-86.9629277,4000.0,0.0,1378.0,0.0,956.1488733142977
30,61,5055 N CR 300 E,40.835213,-86.017073,4000.0,4000.0,0.0,0.0,880.0880088008801
31,63,732 E Hamilton Rd,40.944529,-85.123928,0.0,9200.0,0.0,0.0,1012.1012101210122
32,64,9780 W CR 500 S,40.678038,-87.055932,2200.0,2200.0,0.0,0.0,484.04840484048407
33,65,1025 E CR 375 N,40.095443,-86.445532,0.0,1050.0,600.0,0.0,340.23065227871103
34,66,5879 S CR 60 SW,39.251161,-85.545611,0.0,4200.0,0.0,0.0,462.04620462046205
35,70,1803 N CR 600 E,40.18911,-84.862185,2000.0,2000.0,0.0,0.0,440.04400440044003
36,76,3521 N CR 300 W,40.79581267,-84.99534734,0.0,10000.0,0.0,0.0,1100.1100110011
37,77,11622 S SR 1,40.573629,-85.150099,0.0,7700.0,1566.0,0.0,1433.6015624034312
38,80,3310 E Snowden Rd,39.523453,-84.866561,0.0,0.0,1802.0,0.0,674.9063670411986
39,87,Base Rd & CR 500 E,39.64102812,-85.04394776,880.0,1350.0,182.0,0.0,313.489326460736
40,90,2357 N CR 600 W,40.78521,-86.986312,3150.0,9056.0,2973.0,5.0,2458.150084671389
41,95,8657 US HWY 35,39.95597705,-85.00277338,700.0,1100.0,330.0,0.0,321.61530759817555
42,102,2090 E SR 47,40.13057288,-86.43192476,0.0,10000.0,0.0,0.0,1100.1100110011
43,104,7580 E CR 150 N,41.186377,-85.346567,4300.0,7460.0,962.0,0.0,1654.0289984054584
44,106,801 N CR 950 W 92,41.17325,-85.672784,1500.0,3000.0,477.0,0.0,673.7011903437535
45,109,9597 N CR 700 E,39.798981,-86.7135,1620.0,3830.0,656.0,0.0,845.2528398907307
46,111,11524 E CR 900 N,40.883104,-86.646745,90.0,370.0,1386.0,0.0,569.7061841015562
47,112,10690 N CR 175 E,40.98612744,-85.77538392,950.0,4320.0,0.0,0.0,579.7579757975798
48,114,2725 S CR 600 W,39.572193,-85.555871,0.0,0.0,2000.0,0.0,749.0636704119851
49,115,9251 E US Hwy 24,40.759214,-86.692317,1500.0,2500.0,0.0,0.0,440.04400440044003
50,118,5255 N CR 550 W,40.513979,-85.084137,0.0,0.0,2200.0,0.0,823.9700374531835
51,133,266 E CR 150 S,40.52524262,-86.51990693,900.0,2150.0,0.0,0.0,335.5335533553355
52,135,SR 64 & CR 50 S,38.34825795,-87.68738187,0.0,6400.0,0.0,0.0,704.070407040704
53,136,SR 64 & CR 325 W,38.35838602,-87.62552684,4800.0,0.0,0.0,0.0,528.0528052805281
54,137,2721 S CR 850 W,39.29780424,-85.64057173,0.0,2810.0,0.0,0.0,309.13091309130914
55,138,CR 550 N & CR 900 E,40.833553,-86.696421,2648.0,4500.0,0.0,0.0,786.3586358635864
56,140,2378 W US Hwy 6,41.452894,-85.468897,1280.0,5063.0,730.0,0.0,971.2080196783724
57,141,2111 W CR 275 N,40.804373,-86.414123,0.0,0.0,1914.0,0.0,716.8539325842697
58,142,0313 N Meridian Rd,40.74796998,-85.2225675,900.0,600.0,415.0,0.0,320.4472132606519
59,148,1334 W CR 800 N,40.9418106,-85.81971458,3000.0,7600.0,0.0,0.0,1166.1166116611662
60,153,1748 E Johnson Lake Rd,41.583778,-84.955134,2880.0,0.0,0.0,0.0,316.83168316831683
61,154,611 N CR 550 W,40.44720604,-85.08613807,0.0,8000.0,0.0,0.0,880.0880088008801
62,156,5784 W CR 500 N,40.54761817,-86.23768516,9700.0,0.0,0.0,0.0,1067.106710671067
63,157,829 S CR 600 E,41.31346639,-86.94797054,2000.0,2000.0,0.0,0.0,440.04400440044003
64,161,9389 N CR 550 W,40.880773,-85.041601,2880.0,0.0,0.0,0.0,316.83168316831683
65,162,4501 S CR 50 E,40.69973,-86.364873,0.0,4240.0,0.0,0.0,466.4466446644665
66,164,6316 W SR 14,41.055685,-86.725366,22224.0,2576.0,9312.0,16.0,6221.905786084227
67,165,SR 28 & CR 975 W,40.26917679,-86.19856565,1900.0,3600.0,0.0,0.0,605.0605060506051
68,169,8701 E CR 175 S,38.35091441,-86.73911578,1200.0,1216.0,244.0,0.0,357.172346448128
69,173,CR 300 N & CR 900 W,40.51461376,-86.29966984,1500.0,2350.0,0.0,0.0,423.54235423542355
70,175,5900 S CR 600 W,40.460695,-86.637674,1000.0,2400.0,0.0,0.0,374.03740374037403
71,181,5166 S Robey Rd,40.207723,-86.6897,0.0,0.0,4920.0,40.0,1857.677902621723
72,184,9498 CR 825 W,39.16135807,-87.09656525,932.0,0.0,6984.0,0.0,2718.260590103954
73,185,9696 N SR 9,39.29554,-85.772124,1000.0,2284.0,600.0,0.0,585.9952287363568
74,187,5362 E CR 325 N,40.81009069,-86.26973871,1800.0,2900.0,0.0,0.0,517.051705170517
75,190,2008 S CR 1100 W,40.72091325,-87.078507,1200.0,2000.0,0.0,0.0,352.035203520352
76,191,6959 W CR 100 N,40.757543,-85.0678,1100.0,2200.0,0.0,0.0,363.036303630363
77,192,8643 E CR 750 N,40.150195,-86.306222,2900.0,2900.0,2040.0,20.0,1409.5993869049826
78,194,2602 W CR 300 S,40.508744,-86.572566,2134.0,4928.0,0.0,0.0,776.8976897689769
79,195,SR 75 & CR W 200 N,40.576166,-86.530307,0.0,3600.0,0.0,0.0,396.03960396039605
80,196,6141 E CR 1000 S,40.61986476,-86.2567538,1375.0,3125.0,0.0,0.0,495.0495049504951
81,198,3259 E CR 1000 N,40.431113,-86.448125,4000.0,3200.0,0.0,0.0,792.0792079207921
82,201,Jasper Dubois Rd & Steinbottom Rd,38.4097081,-86.81196897,725.0,1720.0,245.0,0.0,360.73719731523715
83,205,2244  E CR 250 N,40.801095,-86.030525,1300.0,3200.0,0.0,0.0,495.0495049504951
84,206,2667 E SR 18,40.578514,-86.019783,0.0,0.0,1800.0,0.0,674.1573033707865
85,208,1303 N CR 425 E,40.058594,-86.823868,0.0,5150.0,0.0,0.0,566.5566556655666
86,210,5326 E CR 250 N,39.648719,-85.341923,1650.0,3050.0,0.0,0.0,517.051705170517
87,217,3211 E CR 1000 N,40.89154,-84.876547,1200.0,2700.0,0.0,0.0,429.042904290429
88,219,4640 S CR 1150 E,40.48601891,-85.45537562,0.0,0.0,1177.0,0.0,440.8239700374532
89,220,3264 N SR 39,40.32969773,-86.57049865,0.0,0.0,1761.0,0.0,659.5505617977528
90,222,6571 W CR 600 S,40.388315,-86.253447,500.0,9900.0,24.0,0.0,1153.1031754860878
91,223,4350 W CR 150 N,40.786428,-86.45824,0.0,4400.0,0.0,0.0,484.04840484048407
92,224,CR 100 E & CR 1300 S,41.043749,-85.811022,2000.0,2924.0,664.0,0.0,790.3833079937208
93,227,94 N CR 600 E,40.041013,-86.790567,0.0,0.0,11356.0,24.0,4262.172284644195
94,229,4287 E CR 850 N,39.647575,-85.701151,0.0,0.0,5970.0,0.0,2235.9550561797755
95,233,6654 N CR 1000 E,40.851314,-86.677125,1426.0,1734.0,0.0,0.0,347.63476347634764
96,234,5650 W CR 900 S,41.032002,-85.598682,1350.0,2950.0,310.0,0.0,589.1521736443308
97,235,9538 W SR 32,40.08267845,-85.84879591,0.0,2850.0,0.0,0.0,313.5313531353135
98,236,6761 W CR 100 S,40.532909,-86.655027,4000.0,1600.0,0.0,0.0,616.0616061606161
99,237,7491 S CR 400 E,40.43845968,-86.44934543,1630.0,3000.0,0.0,0.0,509.35093509350935
100,240,CR 400 N & CR 1000 E,40.35026157,-86.31865604,0.0,0.0,1423.0,50.0,551.685393258427
101,241,4395 E Metz Rd,41.617648,-84.903708,2880.0,0.0,0.0,0.0,316.83168316831683
102,245,1755 E CR 400 N,41.360552,-86.664145,4800.0,4800.0,0.0,0.0,1056.1056105610562
103,247,5382 W CR 1000 N,39.66901679,-85.88429727,1440.0,3080.0,0.0,0.0,497.24972497249723
104,249,305 W SR 246,39.276126,-87.425942,1450.0,2300.0,322.0,0.0,533.1405050617421
105,250,4116 N CR 200 W,40.884192,-85.830652,0.0,5000.0,0.0,0.0,550.05500550055
106,251,10080 S CR 600 E,40.680684,-85.676156,0.0,50.0,795.0,0.0,303.25335904376954
107,252,SR 13 & CR 1000 N,40.97148454,-85.78562035,0.0,3000.0,0.0,0.0,330.03300330033005
108,253,4650 W CR 150 N,38.89834106,-86.12622945,4000.0,0.0,1200.0,0.0,889.4822066476311
109,254,8953 N CR 1200 E,40.882248,-86.638506,2400.0,4655.0,0.0,0.0,776.1276127612762
110,258,8803 N CR 750 W,40.41413395,-86.64702162,1100.0,2350.0,0.0,0.0,379.53795379537956
111,260,6125 N US Hwy 421,39.163947,-85.308742,900.0,1900.0,0.0,0.0,308.03080308030803
112,268,3421 S CR 400 W,39.736434,-85.876554,1800.0,1600.0,0.0,0.0,374.03740374037403
113,271,1685 E CR 350 S,38.32914121,-86.87246732,400.0,1600.0,400.0,0.0,369.83473628261703
114,290,4203 N CR 900 E,40.477727,-86.732666,1930.0,2330.0,0.0,0.0,468.64686468646863
115,299,675 E CR 1400 N,38.862773,-87.041185,4000.0,900.0,0.0,0.0,539.0539053905391
116,300,9707 S CR 700 W,40.27717135,-87.03577969,0.0,8800.0,0.0,0.0,968.0968096809681
117,301,12501 Freedman Rd,38.221596,-87.878536,5400.0,8800.0,0.0,0.0,1562.156215621562
118,302,US Hwy 231 & CR 1000 N,41.15332119,-87.15125791,0.0,0.0,1474.0,0.0,552.059925093633
119,304,5427 Haw Creek Rd,38.574725,-86.866197,0.0,0.0,1432.0,0.0,536.3295880149813
120,305,7119 E CR 100 N,40.757331,-85.087685,0.0,3830.0,0.0,0.0,421.34213421342133
121,306,17797 N CR 500 W,40.34908219,-85.48078989,0.0,12000.0,0.0,0.0,1320.1320132013202
122,308,6262 E Fort Wayne Rd,41.080796,-86.125504,0.0,4000.0,0.0,0.0,440.04400440044003
123,313,2107 S CR 400 E,40.048413,-87.186574,0.0,3471.0,5560.0,0.0,2464.2451885638
124,320,2129 W SR 114,40.945718,-86.282315,0.0,3500.0,0.0,0.0,385.03850385038504
125,326,5570 W SR 205,41.096971,-85.597884,0.0,0.0,1526.0,0.0,571.5355805243446
126,330,3601 W CR 200 N,40.479404,-85.438277,0.0,8000.0,0.0,0.0,880.0880088008801
127,332,67240 CR 17,41.51878286,-85.88482512,0.0,0.0,1810.0,0.0,677.9026217228464
128,341,1096 S CR 300 E,40.981778,-87.333728,0.0,0.0,2304.0,0.0,862.9213483146068
129,345,SR 75 & CR 200 N,40.576166,-86.530307,4000.0,9000.0,0.0,0.0,1430.1430143014302
130,347,7663 N CR 700 E,39.448067,-85.347758,0.0,2440.0,645.0,0.0,509.9998763921336
131,349,9710 S SR 105,41.02120954,-85.62477327,1100.0,2200.0,0.0,0.0,363.036303630363
132,352,4380 S CR 500 E,41.098292,-85.395435,1200.0,1550.0,374.0,0.0,442.60515939234375
133,355,11730 S CR 400 W,40.24766191,-86.97993909,1300.0,1200.0,246.0,0.0,367.16233421094915
134,356,US Hwy 231 & CR 20,38.517471,-86.92207388,0.0,4400.0,0.0,0.0,484.04840484048407
135,363,SR 19 & CR 400 N,40.82015759,-86.03563582,0.0,5500.0,0.0,0.0,605.0605060506051
136,368,3570 E CR 1000 S,40.910316,-86.53411,0.0,11000.0,0.0,0.0,1210.1210121012102
137,376,12267 N CR 600 E,40.945913,-85.964053,1460.0,1800.0,0.0,0.0,358.63586358635865
138,379,13595 Opera Rd,38.12933,-86.562457,0.0,1500.0,1863.0,16.0,868.761820002225
139,381,7620 E CR 900 S,40.309916,-84.832233,0.0,7000.0,0.0,0.0,770.0770077007701
140,383,CR 300 N & CR 800 W,39.067191,-87.09904,5200.0,820.0,1886.0,0.0,1368.6332678211643
141,388,2597 S CR 500 E,41.19820625,-85.7483079,1500.0,2300.0,700.0,0.0,680.2140888246129
142,389,4963 W 240 NW,39.364154,-85.573053,0.0,6100.0,0.0,0.0,671.067106710671
143,392,6557 N Orchard Rd,37.981942,-87.116141,756.0,1550.0,300.0,0.0,366.04491909865146
144,394,CR 300 N & CR 780 E,40.33037657,-86.35917469,0.0,6200.0,0.0,0.0,682.0682068206821
145,399,13929 Grotrain Rd,40.95897995,-84.92031326,400.0,2400.0,0.0,0.0,308.03080308030803
146,401,Highland Center Rd & James Rd,39.350371,-84.992659,900.0,1300.0,497.0,0.0,428.1665245176203
147,402,1913 E CR 700 S,40.649165,-86.833431,2000.0,2000.0,0.0,0.0,440.04400440044003
148,403,10678 N CR 200 E,41.388468,-85.806572,500.0,2670.0,0.0,0.0,348.73487348734875
149,406,CR 1160 N & CR 1200 E,38.06575481,-86.82958508,820.0,2261.0,375.0,0.0,479.3933325916861
150,408,8155 N Delaware County Rd,40.280417,-85.218036,0.0,3200.0,0.0,0.0,352.035203520352
151,411,11831 W CR 500 S,40.229918,-86.23747,0.0,9240.0,0.0,0.0,1016.5016501650165
152,414,119 E CR 800 N,40.88110209,-86.37224499,0.0,3200.0,0.0,0.0,352.035203520352
153,417,4023 S CR 800 W,40.377958,-85.130411,0.0,11450.0,0.0,0.0,1259.6259625962596
154,418,999 SR 161,38.018718,-87.185669,1050.0,2632.0,411.0,0.0,558.993090320268
155,421,1620 S CR 600 W,40.726843,-86.985939,2100.0,2300.0,0.0,0.0,484.04840484048407
156,422,8242 W CR 500 S,40.474912,-86.66247,2600.0,4000.0,1200.0,0.0,1175.5108095079172
157,423,7064 W CR 250 S,40.511103,-86.65875,1350.0,2400.0,472.0,0.0,589.320280342641
158,425,455 S CR 800 E,39.60758,-85.299702,480.0,1200.0,388.0,0.0,330.1368339081099
159,426,12480 W CR 800 S,41.118046,-86.063286,720.0,1360.0,6298.0,0.0,2587.6243804155697
160,427,12890 S CR 1000 W,40.567347,-87.057056,1000.0,1800.0,448.0,0.0,475.8210652525927
161,434,3456 S CR 1100 E,40.238341,-86.299454,0.0,11500.0,0.0,0.0,1265.126512651265
162,436,CR 375 N & CR 925 E,40.818794,-86.200431,0.0,4030.0,0.0,0.0,443.34433443344335
163,439,7473 E CR 100 S,40.148229,-84.841142,0.0,3900.0,0.0,0.0,429.042904290429
164,440,3965 E CR 825 S,40.631578,-86.800783,2750.0,5500.0,0.0,0.0,907.5907590759076
165,441,6606 W CR 200 N,40.345325,-87.445779,2590.0,4000.0,680.0,0.0,979.6541451897999
166,445,4105 N SR 1,39.88716751,-85.14363339,2000.0,4000.0,700.0,0.0,922.2382912448548
167,446,12698 W CR 400 N,40.53239,-86.369875,240.0,9460.0,198.0,0.0,1141.2640140418537
168,447,10690 E CR 100 S,41.627396,-85.217226,920.0,2376.0,288.0,0.0,470.46142816528845
169,448,CR 100 S & CR 700 W,39.313313,-85.612464,3500.0,1900.0,0.0,0.0,594.059405940594
170,449,CR 400 S & CR 700 E,39.6067004,-85.31839495,0.0,3000.0,0.0,0.0,330.03300330033005
171,451,11701 W CR 200 N,40.464951,-85.201654,0.0,4000.0,0.0,0.0,440.04400440044003
172,458,7933 W SR 105,41.047178,-85.625022,1800.0,3460.0,0.0,0.0,578.6578657865787
173,459,4565 N CR 1100 E,40.543572,-85.91966,3500.0,0.0,0.0,0.0,385.03850385038504
174,461,CR 275 E & CR 300 S,39.735124,-85.750291,1040.0,1800.0,475.0,0.0,490.3338648471589
175,462,6619 W CR 1150 S,39.355742,-85.905192,0.0,2760.0,0.0,0.0,303.63036303630366
176,463,345 E CR 200 S,40.27616491,-86.006285,3500.0,5868.0,1136.0,0.0,1456.051223099838
177,465,9090 W CR 700 N,40.649079,-86.697769,0.0,9300.0,0.0,0.0,1023.1023102310231
178,472,14693 N SR 62,38.099751,-87.034826,1540.0,2000.0,516.0,10.0,586.4426892127415
179,473,8117 W CR 1200 N,41.522669,-85.579545,1410.0,4000.0,500.0,0.0,782.4254335545915
180,474,5474 S CR 175 W,40.471057,-86.55928,600.0,5000.0,0.0,0.0,616.0616061606161
181,476,4601 N CR 600 W,40.1203,-87.019341,0.0,9140.0,0.0,0.0,1005.5005500550055
182,481,7563 E SR 240,39.631498,-86.716914,1750.0,0.0,2339.0,0.0,1068.549214472009
183,482,3330 W 216th St,40.10052,-86.23086,600.0,1970.0,66.0,0.0,307.4473739508783
184,484,6122 E CR 700 N,40.648725,-86.407439,0.0,450.0,3100.0,0.0,1210.5536396336263
185,490,4376 N CR 80 NE,39.39865,-85.356954,2000.0,1500.0,664.0,0.0,633.727642427164
186,491,14570 N CR 350 W,41.224577,-87.112433,900.0,1950.0,0.0,0.0,313.5313531353135
187,492,CR 100 E & CR 500 S,39.70953561,-85.78868736,1600.0,3200.0,580.0,0.0,745.2812697000038
188,498,6122 W CR 800 S,39.223767,-85.603376,0.0,4400.0,0.0,0.0,484.04840484048407
189,500,CR 400 S & CR 1100 W,40.69266479,-87.08483817,0.0,3800.0,0.0,0.0,418.04180418041807
190,505,10977 N Pine Bluff Rd,38.836345,-87.288323,0.0,0.0,1446.0,0.0,541.5730337078652
191,508,4965 Kale Cross Rd,38.596846,-86.82292,0.0,3900.0,0.0,0.0,429.042904290429
192,509,7204 W CR 650 N,40.13606,-87.039197,0.0,0.0,1000.0,0.0,374.53183520599254
193,510,9660 E CR 500 N,40.359485,-86.327994,4400.0,8400.0,0.0,0.0,1408.140814081408
194,511,7512 N US Hwy 421,40.65808,-86.734493,1200.0,2100.0,0.0,0.0,363.036303630363
195,512,3264 N SR 39,40.333577,-86.562592,4000.0,4600.0,0.0,0.0,946.0946094609461
196,513,1888 E CR 250 S,40.510619,-86.489741,1370.0,1320.0,233.0,30.0,394.431465618472
197,517,CR 550 E & CR 850 S,40.644847,-85.960916,1000.0,1850.0,0.0,0.0,313.5313531353135
198,518,16933 W CR 600 S,40.969441,-86.930968,3100.0,4400.0,0.0,0.0,825.0825082508251
199,519,CR 400 W & CR 800 N,40.945381,-85.87218,2800.0,0.0,0.0,0.0,308.03080308030803
200,520,CR 950 S & CR 1200 E,38.508241,-86.943413,2600.0,1100.0,0.0,0.0,407.04070407040706
201,521,9114 E CR 150 S,39.3180479,-85.31411074,1600.0,3850.0,0.0,0.0,599.5599559955996
202,529,CR 600 W & CR 800 S,40.4317928,-86.644112,450.0,3600.0,187.0,0.0,515.5820076389662
203,533,CR 600 W & CR 700 S,40.446169,-86.643907,2470.0,1840.0,320.0,0.0,593.9976020073918
204,536,8497 W CR 550 S,40.977567,-86.766529,8000.0,0.0,0.0,0.0,880.0880088008801
205,538,4775 S Old SR 15,40.75693,-85.761329,800.0,1600.0,352.0,0.0,395.8616086327734
206,539,4900 Watson Rd,39.62291297,-86.0094169,225.0,200.0,1964.0,0.0,782.3351998121161
207,541,211 S CR 900 E,41.233297,-85.670784,0.0,2837.0,0.0,0.0,312.1012101210121
208,544,CR 300 W & CR 800 N,40.402334,-86.57475,0.0,3000.0,0.0,0.0,330.03300330033005
209,551,12252 N SR 19 S,40.945429,-86.018347,0.0,600.0,8168.0,0.0,3125.182630622613
210,553,404 W SR 14,41.07242624,-85.842364,1000.0,2000.0,0.0,0.0,330.03300330033005
211,555,2494 E CR 200 N,39.367585,-85.432772,480.0,1900.0,460.0,0.0,434.11082681301843
212,556,CR 400 S & CR 450 W,39.280487,-85.559645,1100.0,2010.0,0.0,0.0,342.13421342134217
213,557,CR 100 S & CR 700 W,39.31006075,-85.612023,2023.0,4475.0,838.0,0.0,1028.7091630511366
214,563,8683 W N CR 00 S,40.55175986,-85.83798399,1200.0,1800.0,0.0,0.0,330.03300330033005
215,566,11145 W CR 600 S,41.143598,-86.041648,620.0,1410.0,289.0,0.0,331.56203260775516
216,567,499 E CR 900 S,40.924281,-86.593925,0.0,6765.0,0.0,0.0,744.2244224422442
217,569,3625 S CR 700 W,40.494826,-86.657526,0.0,12000.0,0.0,0.0,1320.1320132013202
218,570,CR 100 E & CR 1050 S,40.609152,-86.355346,3300.0,0.0,0.0,0.0,363.036303630363
219,571,5353 S CR 600 W,41.153913,-85.947276,700.0,1400.0,250.0,0.0,324.6560611117292
220,574,CR 700 S & CR 800 E,40.12691,-85.234471,5460.0,7660.0,0.0,0.0,1443.3443344334435
221,575,3606 W CR 750 S,38.269319,-86.975023,600.0,2000.0,300.0,0.0,398.38815342208375
222,578,10007 E CR 500 N,40.43845968,-86.44934543,1600.0,6400.0,0.0,0.0,880.0880088008801
223,580,SR 124 & CR 800 W,40.74053283,-85.60193273,0.0,5000.0,0.0,0.0,550.05500550055
224,584,14325 N CR 100 W,40.975161,-86.095973,0.0,8800.0,0.0,0.0,968.0968096809681
225,587,484 N CR 600 W,40.61745827,-86.64692385,8500.0,0.0,0.0,0.0,935.0935093509352
226,593,11880 S CR 700 E,40.24496,-86.771248,425.0,0.0,720.0,0.0,316.4175968158614
227,594,2866 St Anthony Rd W,38.33328,-86.854662,1920.0,4330.0,0.0,0.0,687.5687568756875
228,596,1595 N CR 350 W,40.569078,-86.591937,0.0,5100.0,0.0,0.0,561.0561056105611
229,598,5640 W CR 950 S,41.093653,-85.939441,6000.0,0.0,0.0,0.0,660.0660066006601
230,602,CR 500 E & CR 650 N,40.85935483,-86.29132212,840.0,1946.0,0.0,0.0,306.4906490649065
231,606,CR 700 S & CR 700 W,40.95577333,-86.738497,3200.0,7500.0,0.0,0.0,1177.117711771177
232,607,6321 E County Line Rd S,40.21474,-86.784412,0.0,0.0,3220.0,0.0,1205.992509363296
233,608,CR 100 S & CR 170 W,40.99822,-87.079617,1320.0,7216.0,0.0,0.0,939.0539053905391
234,609,3636 S CR 200 E,40.249784,-86.454962,1150.0,2820.0,1050.0,30.0,841.2380563899087
235,612,8720 S CR 275 E,39.755745,-87.412736,0.0,5040.0,0.0,0.0,554.4554455445544
236,614,1226 N CR 500 W,39.354209,-85.575561,0.0,3700.0,0.0,0.0,407.04070407040706
237,616,9596 S CR 350 E,39.38494225,-85.71269123,6600.0,3000.0,0.0,0.0,1056.1056105610562
238,618,11292 W CR 700 N,40.70714315,-87.110295,880.0,1800.0,392.0,0.0,441.6459623490439
239,622,6001 SR 165,38.126682,-87.79047,1100.0,1490.0,475.0,7.0,465.45283741857327
240,628,1127 S CR 700 W 1,40.72648646,-85.06770636,1700.0,1525.0,0.0,0.0,354.7854785478548
241,631,817 E CR 370,40.959322,-87.030001,0.0,7600.0,0.0,0.0,836.0836083608361
242,635,609 N SR 55,41.007741,-87.333515,1500.0,1400.0,4494.0,0.0,2002.1779706060495
243,637,13782 N CR 750 W,41.025058,-85.935889,8000.0,0.0,0.0,0.0,880.0880088008801
244,640,4482 W SR 8,41.31719083,-86.78459631,0.0,3200.0,0.0,0.0,352.035203520352
245,641,US Hwy 231 & CR 10,38.529799,-86.894363,0.0,4000.0,0.0,0.0,440.04400440044003
246,642,938 N CR 400 W,40.050249,-86.978293,0.0,0.0,2660.0,0.0,996.2546816479401
247,644,3058 CR 800 E,40.47411092,-86.75185929,0.0,3000.0,0.0,0.0,330.03300330033005
248,646,9254 E US Hwy 40,39.791595,-85.62812,3300.0,5300.0,1100.0,0.0,1358.0796281875378
249,647,6460 W CR 100 N,39.35058,-85.603877,4000.0,0.0,3917.0,0.0,1907.0852029023126
250,649,CR 150 W & CR 1050 S,39.047273,-85.927957,0.0,0.0,1200.0,0.0,449.43820224719104
251,650,1411 S US Hwy 421,39.31530164,-85.45271452,800.0,3000.0,500.0,0.0,605.3077217834143
252,656,620 S CR 600 E,41.22666,-85.725766,750.0,4672.0,100.0,0.0,633.9328314853958
253,658,7980 N SR 5,41.27972912,-85.64327964,600.0,2400.0,330.0,10.0,457.37382727036754
254,659,8881 N CR 350 E,40.1703966,-86.838145,1150.0,920.0,694.0,0.0,487.6478659101865
255,662,29225 Lacy Rd,40.21408056,-85.95687013,2000.0,2766.0,807.0,0.0,826.5596222543603
256,663,11989 S CR 630 W,40.83883437,-87.163947,4600.0,5450.0,0.0,0.0,1105.6105610561056
257,665,6326 E SR 244,39.497761,-85.330174,0.0,0.0,3008.0,0.0,1126.5917602996255
258,666,7554 E CR 600 N,40.638912,-85.530155,0.0,5400.0,0.0,0.0,594.059405940594
259,669,6325 E CR 500 S,40.478168,-86.408291,0.0,6500.0,0.0,0.0,715.0715071507151
260,670,1171 W CR 300 S,40.95995703,-87.41184034,2000.0,4030.0,699.0,0.0,925.1640894426522
261,673,2825 W CR 550 N,40.39662826,-87.375052,2200.0,5000.0,0.0,0.0,792.0792079207921
262,676,1017 E US Hwy 36,39.797156,-87.447276,0.0,876.0,4709.0,0.0,1860.0400489487151
263,677,7472 W Shilling Rd,41.18854535,-85.98484,3000.0,0.0,0.0,0.0,330.03300330033005
264,680,3697 N CR 100 W,40.817821,-86.09321,2935.0,9065.0,0.0,0.0,1320.1320132013202
265,681,CR 300 N & CR 700 W,40.791871,-85.071598,1500.0,2500.0,0.0,0.0,440.04400440044003
266,683,2007 N Roussey Rd,41.09939804,-84.90510892,0.0,160.0,1335.0,0.0,517.6017601760176
267,686,29501 Smith Rd,41.490121,-86.436197,0.0,6000.0,0.0,0.0,660.0660066006601
268,687,12500 Upper Griffin Rd,38.22201233,-87.90215994,0.0,0.0,1944.0,0.0,728.0898876404494
269,688,CR 200 E & CR 750 S,40.438415,-86.491146,0.0,5900.0,0.0,0.0,649.064906490649
270,689,9849 E CR 175 S,38.35432,-86.721383,600.0,1200.0,265.0,12.0,301.76512033225794
271,693,6943 W US Hwy 40,39.632631,-86.649476,0.0,0.0,890.0,0.0,333.3333333333333
272,698,12088 James Rd,39.3479649,-85.02674022,650.0,1950.0,278.0,0.0,390.1484530475519
273,701,2389 W Base Rd,39.331989,-85.527666,1000.0,2000.0,343.0,0.0,458.49742277598546
274,703,3121 S CR 400 W,39.564733,-85.518132,0.0,3810.0,0.0,0.0,419.1419141914192
275,711,10950 W CR 200 N,41.042034,-87.252497,3855.0,6720.0,1200.0,0.0,1612.8045388808546
276,712,1611 S CR 900 W,38.99899041,-87.10940758,0.0,0.0,2442.0,0.0,914.6067415730338
277,713,62196 Dogwood Rd,41.590495,-86.118415,0.0,6800.0,0.0,0.0,748.0748074807481
278,717,8521 E CR 700 S,40.338236,-84.815633,0.0,5000.0,0.0,0.0,550.05500550055
279,719,879 E CR 1100 S,38.21935155,-86.89587603,990.0,1000.0,282.0,0.0,324.5398697173088
280,720,65500 SR 331,41.540596,-86.166526,0.0,6000.0,0.0,0.0,660.0660066006601
281,721,67743 CR 19,41.510751,-85.866948,0.0,4310.0,0.0,0.0,474.14741474147417
282,723,4881 W CR 200 N,39.790166,-86.611434,2120.0,3700.0,684.0,7.0,899.0655245299811
283,726,4801 W CR 500 S,39.262497,-85.569102,0.0,5260.0,0.0,0.0,578.6578657865787
284,727,CR 400 W & CR 500 N,40.6272315,-86.60131694,0.0,5050.0,0.0,0.0,555.5555555555555
285,728,7001 W US Hwy 136,40.07401006,-87.03499271,0.0,9900.0,0.0,0.0,1089.1089108910892
286,729,4679 N CR 400 W,40.370911,-86.088363,2100.0,1652.0,63.0,0.0,436.3567817455903
287,730,5437 S Old SR 15,40.747433,-85.756599,1300.0,2180.0,0.0,0.0,382.8382838283828
288,737,904 Angelo Rd,38.12022616,-86.79270264,1200.0,2000.0,0.0,0.0,352.035203520352
289,739,7465 N SR 129,39.18374494,-85.20741335,560.0,2210.0,0.0,0.0,304.7304730473047
290,744,890 E CR 550 N,41.43221582,-85.40830565,500.0,2650.0,520.0,0.0,541.2912077724627
291,745,1881 W CR 1100 N,41.39127162,-85.88228536,1600.0,2250.0,221.0,0.0,506.3138898159479
292,747,Stafford Rd & CR 900 E,39.323106,-85.762681,3300.0,0.0,0.0,0.0,363.036303630363
293,748,15480 Stafford Rd,39.329495,-85.753431,0.0,0.0,2660.0,0.0,996.2546816479401
294,750,3837 S CR 100 W,40.325787,-84.995768,4000.0,0.0,0.0,0.0,440.04400440044003
295,752,1055 S CR 900 E,40.748775,-86.207427,0.0,4400.0,0.0,0.0,484.04840484048407
296,753,1818 E CR 600 N,41.4383373,-85.38657681,4500.0,3600.0,1196.0,0.0,1339.0291838172582
297,754,7567 E CR 50 N,40.554137,-86.380378,4800.0,4400.0,0.0,0.0,1012.1012101210122
298,760,7359 Copeland Rd,39.64091737,-86.03573572,0.0,5880.0,0.0,0.0,646.8646864686468
299,766,5692 N  CR 1025 E,40.835529,-86.672048,0.0,0.0,1942.0,0.0,727.3408239700375
300,767,15620 Frank Meyers Rd,39.860639,-85.169604,1120.0,2030.0,0.0,0.0,346.53465346534654
301,769,4016 E CR 1200 S,40.244129,-86.826521,1200.0,2400.0,0.0,0.0,396.03960396039605
302,770,4376 S CR 1250 E,38.592778,-86.93336,2000.0,2580.0,1115.0,0.0,921.4533812931855
303,779,13700 N CR 700 W,41.236015,-87.17686,660.0,2000.0,317.0,0.0,411.3558546865923
304,780,6746 E CR 300 N,40.34930832,-85.88558712,0.0,4400.0,0.0,0.0,484.04840484048407
305,784,8300 W US Hwy 24,40.750348,-87.029465,480.0,3760.0,382.0,6.0,611.7649967243916
306,785,3485 S CR 1200 W,40.700197,-87.096824,0.0,4400.0,0.0,0.0,484.04840484048407
307,786,CR 400 N & CR 800 E,40.47977033,-86.751907,1600.0,2400.0,0.0,0.0,440.04400440044003
308,787,15489 N CR 100 E,40.990982,-86.056925,0.0,4400.0,0.0,0.0,484.04840484048407
309,788,180 N Marchino Rd,38.678556,-87.35047,1440.0,3500.0,0.0,0.0,543.4543454345435
310,790,6425 N CR 150 E,39.07930702,-85.59246128,900.0,1700.0,270.0,0.0,387.152198365904
311,804,2038 E CR 1100 S,39.460135,-85.413696,0.0,11700.0,0.0,0.0,1287.1287128712872
312,805,7710 W CR 200 S,41.20331277,-85.9909215,0.0,8000.0,0.0,0.0,880.0880088008801
313,806,1249 N CR 200 E,40.56517699,-86.48683334,0.0,8100.0,0.0,0.0,891.0891089108911
314,807,5640 N CR 250 W,40.62918981,-86.57266784,0.0,3600.0,0.0,0.0,396.03960396039605
315,808,3395 E CR 850 N,40.88845034,-86.01027423,0.0,4400.0,0.0,0.0,484.04840484048407
316,809,1342 N CR 1300 E,40.77043397,-86.62038597,0.0,4650.0,0.0,0.0,511.55115511551156
317,813,7821 S CR 400 E,40.43845663,-86.44934947,0.0,6600.0,0.0,0.0,726.072607260726
318,816,5277 W CR 600 S,40.967625,-86.343974,1200.0,2700.0,0.0,0.0,429.042904290429
319,817,8201 W CR 970 N,40.17678891,-87.04880081,1900.0,2900.0,424.0,0.0,686.8543034078689
320,818,13233 S CR 100 E,40.57226189,-86.35492499,4000.0,0.0,0.0,0.0,440.04400440044003
321,828,1850 E County Line Rd S,39.793243,-85.345895,450.0,800.0,1752.0,0.0,793.6935266560364
322,831,5508 N CR 400 W,40.55553129,-86.20328438,750.0,0.0,3491.0,0.0,1389.9988875292024
323,832,5860 E CR 650 S,40.098635,-85.309654,2125.0,0.0,708.0,0.0,498.9419166635765
324,833,8216 N CR 1000 W,41.133274,-87.237796,5640.0,0.0,0.0,0.0,620.4620462046205
325,836,CR 400 N & CR 800 W,40.52429555,-86.28058161,1200.0,1800.0,0.0,0.0,330.03300330033005
326,838,1947 E Division Rd,40.43992458,-84.9408115,0.0,7680.0,0.0,0.0,844.8844884488449
327,842,6515 W CR 300 N,40.149242,-85.795927,2125.0,0.0,960.0,8.0,596.3201938171346
328,843,429 E CR 500 S,40.923319,-87.383055,7594.0,7832.0,0.0,0.0,1697.029702970297
329,846,8628 W CR 250 S,40.51107326,-86.68787956,1200.0,3600.0,0.0,0.0,528.0528052805281
330,849,2262 E CR 500 N,38.630014,-86.41674,0.0,1620.0,3745.0,0.0,1580.8395446286202
331,852,2692 W  CR 1000 N,39.534614,-87.15693,0.0,800.0,879.0,0.0,417.2222840261554
332,854,5526 N Knox Rd,38.5040273,-87.27695908,900.0,0.0,3146.0,0.0,1277.2870545481514
333,857,331 W CR 650 S,40.34522706,-84.9925295,750.0,1850.0,248.0,0.0,378.91249799137216
334,864,CR 400 N & CR 880 E,39.408016,-85.320604,1000.0,2300.0,95.0,0.0,398.61682797493233
335,867,8480 W SR 56,38.435852,-87.063577,4120.0,0.0,0.0,0.0,453.24532453245325
336,876,7981 N CR 900 W,40.882035,-86.545501,0.0,10000.0,0.0,0.0,1100.1100110011
337,877,6619 S CR 300 E,40.730462,-85.734673,0.0,1900.0,1420.0,0.0,740.8561080827184
338,885,6704 S Middle Hart St Rd,38.580558,-87.43491,1700.0,11800.0,0.0,0.0,1485.148514851485
339,886,12314 S CR 450 E,39.476196,-86.771707,0.0,180.0,1149.0,0.0,450.13905884970524
340,887,8434 N CR 750 W,40.40954721,-86.64707635,0.0,400.0,1050.0,0.0,437.2628274063361
341,888,69636 CR 23,41.483482,-85.833126,0.0,4200.0,0.0,0.0,462.04620462046205
342,889,7963 N Delaware County Line Rd,40.2771591,-85.21821656,600.0,1500.0,655.0,0.0,476.34145437015616
343,890,4401 N SR 29,40.35072435,-86.39289234,0.0,5500.0,0.0,0.0,605.0605060506051
344,891,5982 W CR 350 N,39.38683,-85.592101,0.0,3360.0,0.0,0.0,369.63696369636966
345,892,3502 N CR 850 W,41.281902,-86.008422,1700.0,2300.0,0.0,0.0,440.04400440044003
346,896,4352 N CR 900 W,40.537706,-86.299441,0.0,4200.0,0.0,0.0,462.04620462046205
347,897,CR 207 & CR 208,38.23625,-86.666347,1000.0,2074.0,320.0,0.0,458.0240046476558
348,899,4816 E CR 1250 N,39.257509,-85.173623,1280.0,2300.0,414.0,0.0,548.8955637136747
349,903,11270 W CR 1100 N,41.509876,-85.638091,1600.0,3400.0,666.0,0.0,799.493207747741
350,909,3872 S Willman Rd,40.39696509,-85.32848187,700.0,2500.0,470.0,0.0,528.0651660671685
351,911,2424 N SR 13,40.913262,-85.753588,0.0,5500.0,0.0,0.0,605.0605060506051
352,918,3676 S SR 9,39.47274111,-85.76388478,795.0,2200.0,0.0,0.0,329.4829482948295
353,922,5400 S CR 1150 E,40.47474448,-85.45546502,0.0,0.0,1954.0,0.0,731.8352059925094
354,925,CR 150 E & CR 650 S,40.66730431,-86.04306495,0.0,2954.0,0.0,0.0,324.972497249725
355,926,CR 275 E & CR 600 S,38.95732265,-86.87709259,0.0,0.0,3722.0,0.0,1394.0074906367042
356,930,CR 700 W & CR 1100 N,40.714417,-86.659811,0.0,9400.0,0.0,0.0,1034.103410341034
357,931,12055 N Payne Rd,38.776671,-86.090589,0.0,4400.0,0.0,0.0,484.04840484048407
358,932,661 E Aylesworth Rd,40.200822,-87.25768,0.0,0.0,928.0,0.0,347.5655430711611
359,934,CR 700 W & CR 800 S,40.631676,-85.352848,0.0,4400.0,0.0,0.0,484.04840484048407
360,935,11270 S CR 1000 W 90,40.57700671,-85.40976164,0.0,8000.0,0.0,0.0,880.0880088008801
361,938,1100 N & CR 125 W,40.5618,-86.548547,2400.0,4900.0,0.0,0.0,803.080308030803
362,939,5288 N CR 1000 W,39.10031,-87.122477,0.0,10750.0,0.0,0.0,1182.6182618261826
363,940,1333 E CR 300 S,40.702203,-84.911039,4000.0,2800.0,0.0,0.0,748.0748074807481
364,943,2820 N CR 600 E,40.58790934,-86.41061939,0.0,9240.0,0.0,0.0,1016.5016501650165
365,946,10831 N CR 650 E,40.90927826,-86.74644269,0.0,4400.0,0.0,0.0,484.04840484048407
366,947,6256 N CR 150 E,40.917469,-85.774641,0.0,4400.0,0.0,0.0,484.04840484048407
367,948,4257 E CR 1000 S,40.605797,-86.786156,0.0,9240.0,0.0,0.0,1016.5016501650165
368,950,7200 N CR 50 W,39.717644,-85.456123,0.0,8800.0,0.0,0.0,968.0968096809681
369,951,CR 400 N & CR 550 W,39.69752065,-85.24360731,0.0,4000.0,0.0,0.0,440.04400440044003
370,952,3522 N Henry Rd,39.6774,-85.053492,0.0,8800.0,0.0,0.0,968.0968096809681
371,953,5750 W CR 600 S,40.077041,-85.089006,19200.0,0.0,0.0,0.0,2112.2112211221124
372,954,10475 E CR 700 N,40.852587,-86.670084,0.0,8400.0,0.0,0.0,924.0924092409241
373,955,9852 N CR 100 E,40.30707,-84.95743,400.0,1200.0,418.0,2.0,333.3209725466929
374,956,4491 E CR 350 S,40.48188,-86.458861,0.0,8800.0,0.0,0.0,968.0968096809681
375,960,972 N Beaver Lake Rd,38.39470875,-86.8091509,1300.0,1800.0,400.0,0.0,490.8468374927381
376,961,4290 W CR 400 N,40.882814,-85.874761,0.0,4400.0,0.0,0.0,484.04840484048407
377,962,4001 W CR 100 S,40.532951,-86.601205,0.0,4400.0,0.0,0.0,484.04840484048407
378,965,1768 S CR 75 W,40.724206,-86.885419,1000.0,3500.0,0.0,0.0,495.0495049504951
379,966,CR 300 W & CR 800 N,40.94197284,-85.85037711,0.0,4500.0,0.0,0.0,495.0495049504951
380,967,3779 S Schoolhouse rd,38.62223,-87.55553,1200.0,1750.0,275.0,25.0,436.89200380712225
381,971,501 E CR 900 S,40.611017,-85.211681,0.0,8800.0,0.0,0.0,968.0968096809681
382,975,4063 S CR 200 E,40.682604,-85.183754,0.0,8800.0,0.0,0.0,968.0968096809681
383,976,6343 S CR 500 E,40.650125,-85.125874,0.0,8800.0,0.0,0.0,968.0968096809681
384,977,9492 S CR 900 W 90,40.603481,-85.155594,0.0,8800.0,0.0,0.0,968.0968096809681
385,978,8559 S CR 100 W,39.211961,-85.498704,0.0,4000.0,0.0,0.0,440.04400440044003
386,980,12700 N CR 700 W,39.950609,-87.375287,915.0,2140.0,5776.0,0.0,2499.379488510649
387,985,7251 N US Hwy 421,40.652995,-86.734132,8800.0,8800.0,0.0,0.0,1936.1936193619363
388,986,2870 S CR 1000 W,41.599033,-85.618735,2200.0,2200.0,0.0,0.0,484.04840484048407
389,989,9962 N CR 800 W,40.471395,-87.47363,0.0,10560.0,0.0,0.0,1161.7161716171618
390,990,6501 CR S 400 E,40.45286489,-86.44916222,0.0,8800.0,0.0,0.0,968.0968096809681
391,991,11683 E CR 550 E,40.832394,-86.644554,0.0,8400.0,0.0,0.0,924.0924092409241
392,994,CR 300 S & CR 500 W,40.690908,-85.316945,0.0,4000.0,0.0,0.0,440.04400440044003
393,996,3523 E CR 1600 N,40.998373,-86.010178,640.0,2129.0,388.0,0.0,449.9388141061297
394,998,5891 W CR 1000 N,41.492493,-85.536865,0.0,4400.0,0.0,0.0,484.04840484048407
395,1002,CR 800 N & CR 900 E,40.86906795,-86.70613837,0.0,8000.0,0.0,0.0,880.0880088008801
396,1006,4251 N CR 550 W,40.502664,-85.08534,0.0,4000.0,0.0,0.0,440.04400440044003
397,1010,2385 E CR 600 N,41.389487,-86.651997,2400.0,2400.0,0.0,0.0,528.0528052805281
398,1014,8633 E CR 200 S,39.756667,-85.640106,0.0,8000.0,0.0,0.0,880.0880088008801
399,1015,8218 W CR 600 S,39.248368,-85.633166,0.0,4400.0,0.0,0.0,484.04840484048407
400,1016,CR 300 S & CR 500 W,40.692175,-85.316965,0.0,4000.0,0.0,0.0,440.04400440044003
401,1017,251 S CR 850 W,40.430432,-85.140658,0.0,8800.0,0.0,0.0,968.0968096809681
402,1018,903 S CR 450 W,38.365237,-86.989064,0.0,6600.0,0.0,0.0,726.072607260726
403,1020,3601 W CR 1500 N,40.982176,-86.141763,0.0,4400.0,0.0,0.0,484.04840484048407
404,1021,CR 600 N & CR 700 W,40.831058,-87.005615,0.0,4800.0,0.0,0.0,528.0528052805281
405,1022,Bath Rd & Powell Rd,39.523862,-84.957426,0.0,4800.0,0.0,0.0,528.0528052805281
406,1023,7810 E CR 900 S,40.628863,-86.223697,4400.0,4400.0,0.0,0.0,968.0968096809681
407,1024,S Dutch Hinkle Rd & CR 1250 S,38.546876,-87.312865,0.0,10920.0,0.0,0.0,1201.3201320132014
408,1025,CR 550 E & CR 1000 S,40.596887,-85.11831,0.0,8800.0,0.0,0.0,968.0968096809681
409,1027,CR 550 N & CR 650 W,40.235872,-85.097292,0.0,8800.0,0.0,0.0,968.0968096809681
410,1028,6342 W CR 600 S,40.205791,-86.62372,0.0,10000.0,0.0,0.0,1100.1100110011
411,1029,7338 S CR 400 E,40.3456,-84.9007,0.0,9900.0,0.0,0.0,1089.1089108910892
412,1030,N SR 15 & CR 1300 N,41.019831,-85.897381,0.0,9600.0,0.0,0.0,1056.1056105610562
413,1031,2321 N CR 250 W,40.213499,-87.310131,0.0,8800.0,0.0,0.0,968.0968096809681
414,1032,1773 N CR 100 E,40.572032,-86.505926,0.0,4400.0,0.0,0.0,484.04840484048407
415,1036,4236 N CR 100 W,40.825195,-86.093418,0.0,7700.0,0.0,0.0,847.0847084708471
416,1041,6599 E CR 900 S,40.615849,-84.809521,0.0,5120.0,0.0,0.0,563.2563256325633
417,1042,2975 N CR 100 E,41.345005,-86.678513,0.0,8800.0,0.0,0.0,968.0968096809681
418,1043,19102 Bull Rapids Rd,41.26638,-84.900649,4000.0,7020.0,0.0,0.0,1212.3212321232124
419,1044,291 E CR 100 N,38.895928,-86.033457,0.0,8000.0,0.0,0.0,880.0880088008801
420,1045,2756 N CR 300 W,38.916793,-86.094606,0.0,4400.0,0.0,0.0,484.04840484048407
421,1046,492 W CR 300 N,40.868889,-85.801622,0.0,4400.0,0.0,0.0,484.04840484048407
422,1047,CR 300 S & CR 750 E,38.837211,-85.870995,0.0,4400.0,0.0,0.0,484.04840484048407
423,1048,4899 S CR 625 E,38.811908,-85.91589,0.0,8000.0,0.0,0.0,880.0880088008801
424,1049,CR 400 W & CR 570 N,38.461175,-86.974447,1100.0,1600.0,390.0,0.0,443.0971187006341
425,1052,5474 S CR 175 W,40.467879,-86.557798,0.0,4400.0,0.0,0.0,484.04840484048407
426,1053,5432 S CR 1100 W,40.08539,-85.188762,0.0,8000.0,0.0,0.0,880.0880088008801
427,1054,1601 E CR 900 N,40.899434,-86.347664,0.0,8760.0,0.0,0.0,963.6963696369637
428,1055,6770 N CR 600 W,41.4498377,-85.53821412,4400.0,4400.0,0.0,0.0,968.0968096809681
429,1057,9300 W CR 700 N,40.26632439,-85.15461524,0.0,8800.0,0.0,0.0,968.0968096809681
430,1061,Park Rd & CR 100 S,39.00602502,-86.85359619,2000.0,0.0,726.0,0.0,491.9321145597706
431,1062,CR 100 W & CR 850 N,40.661686,-86.547265,0.0,9240.0,0.0,0.0,1016.5016501650165
432,1063,US Hwy 6 & CR 500 E,41.45795,-85.326112,0.0,0.0,994.0,0.0,372.28464419475654
433,1066,3081 N CR 100 W,40.496033,-85.389094,0.0,6500.0,0.0,0.0,715.0715071507151
434,1067,4629 W SR 44,39.588953,-85.532755,0.0,3210.0,0.0,0.0,353.1353135313531
435,1070,CR 850 E & CR 1900 N,38.159479,-86.894013,960.0,1550.0,360.0,0.0,410.9590734354334
436,1071,4491 W CR 1200 S,39.213877,-87.19392,5200.0,0.0,0.0,0.0,572.057205720572
437,1072,CR 100 W & CR 500 N,40.897714,-85.8177,4000.0,400.0,0.0,0.0,484.04840484048407
438,1073,6700 S CR 100 E,39.944196,-86.883526,0.0,8000.0,0.0,0.0,880.0880088008801
439,1074,4492 E CR 500 N,40.61947,-86.439403,0.0,8800.0,0.0,0.0,968.0968096809681
440,1077,1755 S Shoop Rd,40.72551,-86.917108,0.0,9600.0,0.0,0.0,1056.1056105610562
441,1079,11511 S CR 100 E 90,40.57239977,-85.20258837,0.0,8800.0,0.0,0.0,968.0968096809681
442,1082,10912 W CR 1000 S 90,40.595675,-85.425649,0.0,17280.0,0.0,0.0,1900.990099009901
443,1083,458 N CR 400 W,40.755935,-86.948327,0.0,3000.0,0.0,0.0,330.03300330033005
444,1086,7411 N CR 600 E,40.27172304,-84.86214982,0.0,4000.0,0.0,0.0,440.04400440044003
445,1090,19318 Ward Rd,41.1675,-84.89532,0.0,4200.0,0.0,0.0,462.04620462046205
446,1092,5565 W CR 200 N,40.772612,-85.045831,0.0,5440.0,0.0,0.0,598.4598459845985
447,1095,2714 N CR 750 W,40.455597,-87.045692,0.0,4400.0,0.0,0.0,484.04840484048407
448,1097,5071 E CR 800 N,39.72954,-85.35048,0.0,4200.0,0.0,0.0,462.04620462046205
449,1102,6224 S CR 400 W,41.141223,-85.908859,0.0,9240.0,0.0,0.0,1016.5016501650165
450,1103,9710 S CR 100 E,41.091371,-85.816166,0.0,4620.0,0.0,0.0,508.25082508250824
451,1104,9710 S CR 100 E,41.091371,-85.816166,0.0,4620.0,0.0,0.0,508.25082508250824
452,1106,6100 W CR 200 N,41.67096888,-85.10494257,0.0,4800.0,0.0,0.0,528.0528052805281
453,1108,2809 W CR 950 S,40.280779,-86.954889,0.0,9240.0,0.0,0.0,1016.5016501650165
454,1109,CR 200 W & CR 800 N,41.474896,-85.462061,0.0,9000.0,0.0,0.0,990.0990099009902
455,1111,CR 150 E & CR 500 N,40.89856475,-85.75743098,600.0,2400.0,0.0,0.0,330.03300330033005
456,1112,CR 50 S & CR 600 W,40.422304,-85.095043,0.0,8800.0,0.0,0.0,968.0968096809681
457,1113,1500  S CR 500 W,40.415515,-85.076043,0.0,8600.0,0.0,0.0,946.0946094609461
458,1117,7131 S CR 600 W,40.335066,-85.093759,0.0,4000.0,0.0,0.0,440.04400440044003
459,1118,CR 150 W & CR 500 N,40.24187,-85.004839,0.0,8800.0,0.0,0.0,968.0968096809681
460,1119,5329 N CR 550 E,38.434734,-87.463528,0.0,4424.0,0.0,0.0,486.6886688668867
461,1120,S Base Rd & CR 450 S,39.53988,-85.449359,0.0,4000.0,0.0,0.0,440.04400440044003
462,1123,5383 E CR 700 N,40.844923,-85.121364,8800.0,8800.0,0.0,0.0,1936.1936193619363
463,1128,5625 S SR 29,40.466369,-86.39271,0.0,4400.0,0.0,0.0,484.04840484048407
464,1131,CR 450 W & CR 900 N,41.487433,-85.510397,0.0,4000.0,0.0,0.0,440.04400440044003
465,1132,7772 S CR 1000 W,40.325292,-85.1684,0.0,4000.0,0.0,0.0,440.04400440044003
466,1133,2719 S CR 100 W,40.507766,-86.544153,0.0,4400.0,0.0,0.0,484.04840484048407
467,1135,5120 E CR 300 S,40.503195,-86.426225,0.0,9240.0,0.0,0.0,1016.5016501650165
468,1140,SR 14 & CR 200 W,41.071978,-85.872935,6000.0,0.0,0.0,0.0,660.0660066006601
469,1141,4920 W Pook Rd,41.091338,-85.586954,1200.0,2400.0,0.0,0.0,396.03960396039605
470,1142,503 W CR 500 N,40.523056,-85.37926,0.0,9240.0,0.0,0.0,1016.5016501650165
471,1143,5731 W CR 600 N,40.634652,-86.63121,0.0,4620.0,0.0,0.0,508.25082508250824
472,1147,3465 N SR 15,40.875223,-85.887991,150.0,5040.0,15.0,0.0,576.5750732376608
473,1149,11385 W CR 800 S,41.524997,-85.642226,2200.0,2200.0,0.0,0.0,484.04840484048407
474,1150,497 S CR 650 W,41.344872,-85.537512,4480.0,12000.0,1350.0,10.0,2322.3445940099627
475,1152,3042 N CR 425 W,39.805613,-86.60033,0.0,8000.0,0.0,0.0,880.0880088008801
476,1153,CR 600 S & CR 1225 W,38.244967,-87.535375,2500.0,1955.0,6512.0,0.0,2929.0503207624133
477,1154,10684 W CR 1000 N,40.693024,-86.730494,8800.0,8800.0,0.0,0.0,1936.1936193619363
478,1156,4865 E CR 400 S,40.382138,-84.883696,0.0,5840.0,0.0,0.0,642.4642464246425
479,1160,4476 N CR 700 E,39.54488808,-85.97126557,4780.0,4910.0,0.0,0.0,1066.006600660066
480,1161,2568 W CR 350 N,40.5011348,-85.41911488,8208.0,0.0,0.0,0.0,902.970297029703
481,1164,4030 N CR 900 E,40.498696,-86.73282,1600.0,3200.0,0.0,0.0,528.0528052805281
482,1166,1221 E SR 244,39.49742019,-85.41876285,0.0,9000.0,0.0,0.0,990.0990099009902
483,1167,10500 N CR 400 E,40.921954,-86.00152,0.0,5200.0,0.0,0.0,572.057205720572
484,1168,4491 E CR 350 S,40.496074,-86.439744,0.0,8800.0,0.0,0.0,968.0968096809681
485,1177,9774 S CR 350 W,39.470851,-85.506934,0.0,7140.0,0.0,0.0,785.4785478547855
486,1179,2301 N CR 1200 W,41.047965,-87.275991,1375.0,625.0,2942.0,0.0,1321.89466137625
487,1181,7337 E CR 200 S,40.517885,-86.384779,0.0,8800.0,0.0,0.0,968.0968096809681
488,1183,16308 N CR 800 E,38.89166945,-87.01747778,1500.0,2400.0,0.0,0.0,429.042904290429
489,1185,CR 300 S & CR 350 W,40.510736,-86.591427,0.0,12000.0,0.0,0.0,1320.1320132013202
490,1187,7623 S CR 700 E,40.329263,-84.84007,0.0,4000.0,0.0,0.0,440.04400440044003
491,1190,11480 N CR 500 E,39.153957,-85.517147,0.0,4000.0,0.0,0.0,440.04400440044003
492,1191,3235 S CR 500 W,40.392456,-85.074118,0.0,4000.0,0.0,0.0,440.04400440044003
493,1192,7990 N CR 400 E,41.121705,-86.969228,0.0,0.0,2496.0,0.0,934.8314606741574
494,1193,CR 450 E & CR 800 S,40.04368121,-84.89341169,0.0,400.0,3200.0,0.0,1242.5062730992202
495,1195,12614 N CR 500 E,40.951402,-85.983409,0.0,8640.0,0.0,0.0,950.4950495049505
496,1196,7496 N CR 200 E,40.935203,-85.759535,0.0,4400.0,0.0,0.0,484.04840484048407
497,1198,1064 S CR 150 E,40.99447555,-87.01728658,8000.0,360.0,2848.0,0.0,1986.3586358635864
498,1199,8953 Williams Rd,38.813459,-86.624693,0.0,8100.0,0.0,0.0,891.0891089108911
499,1200,8670 E CR 400 N,40.501015,-84.81401,0.0,3000.0,0.0,0.0,330.03300330033005
500,1201,2617 W CR 1400 S,39.184344,-87.159942,5200.0,0.0,0.0,0.0,572.057205720572
501,1203,741 S CR 875 E,39.37478307,-86.946871,1200.0,2000.0,300.0,0.0,464.3947540821498
502,1205,3941 N CR 800 W,40.37432552,-87.472464,2200.0,5000.0,0.0,0.0,792.0792079207921
503,1208,CR 300 S & CR 700 W,39.99846652,-87.04340311,1800.0,2320.0,0.0,0.0,453.24532453245325
504,1211,CR 50 N & CR 750 W,39.339492,-85.626086,0.0,4000.0,0.0,0.0,440.04400440044003
505,1217,6464 E CR 200 N,40.46976,-84.855317,0.0,4000.0,0.0,0.0,440.04400440044003
506,1218,5781 N CR 550 E,40.524333,-84.876628,0.0,4800.0,0.0,0.0,528.0528052805281
507,1219,CR 700 W 90 & CR 800 S 90,40.631167,-85.344973,0.0,8800.0,0.0,0.0,968.0968096809681
508,1220,4516 N CR 700 E,40.499695,-84.856617,0.0,4800.0,0.0,0.0,528.0528052805281
509,1224,CR 300 W & CR 1100 S,40.879167,-85.226934,0.0,8800.0,0.0,0.0,968.0968096809681
510,1225,9975 W CR 200 S,40.400735,-85.167797,0.0,8800.0,0.0,0.0,968.0968096809681
511,1228,3142 W CR 300 S,39.568316,-85.501912,0.0,4000.0,0.0,0.0,440.04400440044003
512,1231,8300 W CR 300 S,40.12420189,-85.13329474,19200.0,0.0,0.0,0.0,2112.2112211221124
513,1232,5815 E SR 164,38.38875817,-86.79303419,4000.0,0.0,0.0,0.0,440.04400440044003
514,1233,1322 N CR 300 W,40.45720138,-85.03949245,6000.0,0.0,0.0,0.0,660.0660066006601
515,1234,1730 N CR 375 W,40.188223,-85.049589,19200.0,0.0,0.0,0.0,2112.2112211221124
516,1235,3725 W CR 400 S,40.188202,-85.0496,430.0,1470.0,5842.0,0.0,2397.0358833636174
517,1238,Snowden Rd & CR 200 E,39.52445699,-84.89145289,0.0,8000.0,0.0,0.0,880.0880088008801
518,1239,CR 350 S & CR 1150 E,38.312792,-87.359092,0.0,4400.0,0.0,0.0,484.04840484048407
519,1240,CR 500 S & CR 1050 W,40.230764,-86.208137,2600.0,3400.0,808.0,0.0,962.6877294471021
520,1241,2751 W Hibbs Rd,39.975366,-87.39034,450.0,0.0,3236.0,0.0,1261.4899692216413
521,1242,1945 E CR 550 N,39.064769,-85.576041,4000.0,0.0,0.0,0.0,440.04400440044003
522,1243,5373 W CR 100 N,40.561946,-86.62768,0.0,6600.0,0.0,0.0,726.072607260726
523,1251,CR 100 E & CR 300 N,40.87647879,-85.77597724,0.0,4400.0,0.0,0.0,484.04840484048407
524,1257,4634 W CR 325 S,40.703228,-86.959341,0.0,3200.0,0.0,0.0,352.035203520352
525,1258,4301 N 500 W,40.533191,-86.236616,0.0,5200.0,0.0,0.0,572.057205720572
526,1259,6285 N CR 1025 W,40.527496,-85.177262,0.0,8000.0,0.0,0.0,880.0880088008801
527,1260,5309 N CR 650 E,40.517946,-84.857242,0.0,4800.0,0.0,0.0,528.0528052805281
528,1262,3500 N CR 100 E,40.875687,-85.782709,0.0,4400.0,0.0,0.0,484.04840484048407
529,1263,805 S CR 825 W,40.421664,-85.1360171,0.0,4400.0,0.0,0.0,484.04840484048407
530,1271,SR 218 & CR 800 W,40.66092908,-85.60055494,0.0,4620.0,0.0,0.0,508.25082508250824
531,1272,SR 29 & CR 700 S,40.446298,-86.384534,0.0,4400.0,0.0,0.0,484.04840484048407
532,1273,CR 100 S & CR 200 W,40.82050877,-85.48886022,500.0,3895.0,0.0,0.0,483.4983498349835
533,1275,CR 300 S & CR 600 W,39.295945,-85.590347,0.0,4000.0,0.0,0.0,440.04400440044003
534,1276,8670 W CR 900 S,38.85305463,-85.76906439,0.0,4000.0,0.0,0.0,440.04400440044003
535,1277,3254 E CR 900 N,40.294237,-84.914777,5000.0,0.0,0.0,0.0,550.05500550055
536,1278,5000 S Strawtown Rd,40.68564,-86.062587,0.0,4000.0,0.0,0.0,440.04400440044003
537,1279,CR 700 W & CR 800 S,40.631809,-85.352943,0.0,4400.0,0.0,0.0,484.04840484048407
538,1280,9491 W Division Rd,40.434096,-85.15966,0.0,8800.0,0.0,0.0,968.0968096809681
539,1281,4280 S CR 200 W,40.544816,-87.359977,0.0,7000.0,0.0,0.0,770.0770077007701
540,1292,5062 W Base Rd,39.33573158,-85.57717529,0.0,3499.0,0.0,0.0,384.9284928492849
541,1293,CR 400 E & CR 400 N,38.619261,-86.382961,0.0,9600.0,0.0,0.0,1056.1056105610562
542,1294,7998 N CR 150 E,40.27973216,-84.94800438,0.0,4000.0,0.0,0.0,440.04400440044003
543,1303,11459 S CR 800 W 35,40.66061981,-85.6005764,0.0,4620.0,0.0,0.0,508.25082508250824
544,1304,10390 S Meridian Rd,40.67697661,-85.4494071,0.0,4620.0,0.0,0.0,508.25082508250824
545,1305,10394 S Meridian Rd,40.67697661,-85.4494071,0.0,4620.0,0.0,0.0,508.25082508250824
546,1311,2154 W CR 1075 N,40.92626487,-86.12057626,0.0,4620.0,0.0,0.0,508.25082508250824
547,1312,CR 700 W & CR 700 N,40.843749,-85.072503,13860.0,13860.0,0.0,0.0,3049.5049504950493
548,1313,5499 S CR 600 W,40.526392,-87.435336,536.0,2304.0,10624.0,0.0,4291.457460352777
549,1315,CR 700 W & CR 800 S,40.31629412,-85.11259266,4400.0,0.0,0.0,0.0,484.04840484048407
550,1316,CR 700 W & CR 800 S,40.31536774,-85.1125669,4400.0,0.0,0.0,0.0,484.04840484048407
551,1317,4265 W CR 100 S,40.997842,-87.128479,760.0,1540.0,280.0,8.0,360.8904710695789
552,1319,11934 E CR 1000 N,39.932434,-85.578751,5800.0,200.0,86.0,0.0,692.2757444283754
553,1321,6931 Willow Grove Rd,39.731664,-85.034355,0.0,8800.0,0.0,0.0,968.0968096809681
554,1322,11559 W CR 1200 S,40.56696322,-85.44119446,0.0,4600.0,0.0,0.0,506.0506050605061
555,1323,Center Rd & CR 75 E,39.08453,-87.390613,800.0,3400.0,784.0,0.0,755.6791634219602
556,1331,9501 W SR 28,40.280365,-87.083272,0.0,8800.0,0.0,0.0,968.0968096809681
557,1332,675 E CR 450 N,40.612351,-86.513005,0.0,4400.0,0.0,0.0,484.04840484048407
558,1337,6375 S CR 300 W,40.964302,-86.298322,0.0,8000.0,0.0,0.0,880.0880088008801
559,1338,3366 W CR 400 N,40.88311001,-85.85702473,0.0,13860.0,0.0,0.0,1524.7524752475247
560,1339,CR 100 S & CR 500 W,38.86344331,-86.14517878,0.0,8800.0,0.0,0.0,968.0968096809681
561,1341,CR 700 N & CR 800 E,40.847437,-86.716519,0.0,4000.0,0.0,0.0,440.04400440044003
562,1342,CR 700 N & CR 800 E,40.847435,-86.716388,0.0,4000.0,0.0,0.0,440.04400440044003
563,1343,2788 W CR 900 S,41.10119967,-85.88877439,0.0,4620.0,0.0,0.0,508.25082508250824
564,1344,2790 W CR 900 S,41.10119967,-85.88877439,0.0,4620.0,0.0,0.0,508.25082508250824
565,1349,10357 W US Hwy 421,40.61991387,-86.72671795,0.0,8000.0,0.0,0.0,880.0880088008801
566,1350,10357 W US Hwy 421,40.61981615,-86.72506571,0.0,4000.0,0.0,0.0,440.04400440044003
567,1351,SR 11 & Pumping Station Rd SE,38.08248687,-86.03608131,0.0,4400.0,0.0,0.0,484.04840484048407
568,1354,8494 W CR 600 N,40.638741,-85.83603,0.0,5300.0,0.0,0.0,583.0583058305831
569,1357,6616 N CR 500 W,40.257699,-85.073911,0.0,8800.0,0.0,0.0,968.0968096809681
570,1361,7281 E CR 700 S,39.82656,-85.247999,0.0,8800.0,0.0,0.0,968.0968096809681
571,1362,9006 N CR 200 W,40.062037,-85.422588,0.0,8800.0,0.0,0.0,968.0968096809681
572,1363,15124 Dare Rd,39.51815164,-84.89156034,480.0,1050.0,428.0,0.0,328.6164571513331
573,1364,2271 W SR 16,40.912924,-85.836265,9400.0,0.0,0.0,0.0,1034.103410341034
574,1368,8396 W CR 400 S,40.489477,-86.683133,0.0,0.0,2087.0,0.0,781.6479400749064
575,1371,4738 W CR 800 N,40.94270939,-85.88505317,0.0,4400.0,0.0,0.0,484.04840484048407
576,1372,CR 600 E & CR 1200 S,40.380216,-85.559655,0.0,4000.0,0.0,0.0,440.04400440044003
577,1374,SR 1 & CR 900 S,40.30730996,-85.15809093,0.0,4000.0,0.0,0.0,440.04400440044003
578,1375,7561 N CR 200 W,40.26907571,-85.01680703,0.0,2000.0,5600.0,0.0,2317.400279353778
579,1378,12380 S CR 400 E,40.587316,-86.00067,0.0,9240.0,0.0,0.0,1016.5016501650165
580,1380,1671 S CR 400 W 1,40.71851,-85.013364,6000.0,0.0,0.0,0.0,660.0660066006601
581,1382,5524 E CR 500 S,40.6732987,-84.8294949,0.0,8800.0,0.0,0.0,968.0968096809681
582,1383,4980 N CR 150 E,40.51121,-85.009619,0.0,5280.0,0.0,0.0,580.8580858085809
583,1384,Cedar Rd & Shively Rd,41.50060672,-86.09826565,0.0,6000.0,0.0,0.0,660.0660066006601
584,1391,5255 W CR 800 S,40.62522334,-85.32205582,0.0,4620.0,0.0,0.0,508.25082508250824
585,1393,SR 29 & CR 700 S,40.44626122,-86.39622688,0.0,9240.0,0.0,0.0,1016.5016501650165
586,1398,1618 W CR 350 N,38.47546,-87.308859,0.0,3300.0,0.0,0.0,363.036303630363
587,1399,11411A N CR 450 E,40.931199,-85.987338,0.0,4620.0,0.0,0.0,508.25082508250824
588,1400,11411B N CR 450 E,40.931199,-85.987338,0.0,4620.0,0.0,0.0,508.25082508250824
589,1401,5480 15th Rd,41.25942,-86.163658,0.0,8000.0,0.0,0.0,880.0880088008801
590,1402,13200 N CR 300 W,41.421734,-85.903619,0.0,5054.0,0.0,0.0,555.995599559956
591,1403,CR 300 E & CR 500 S,40.372865,-84.919869,4000.0,0.0,0.0,0.0,440.04400440044003
592,1405,779 E Smithson Rd,40.714509,-86.858161,0.0,8000.0,0.0,0.0,880.0880088008801
593,1407,CR 200 W & CR 300 S,40.24265091,-86.55921486,0.0,5900.0,0.0,0.0,649.064906490649
594,1408,6432 N CR 225 E,39.4308447,-85.42666109,0.0,4000.0,0.0,0.0,440.04400440044003
595,1411,CR 350 E & CR 500 N,40.516075,-84.913346,900.0,2100.0,0.0,0.0,330.03300330033005
596,1416,3900 W US Hwy 36,40.048495,-85.053503,430.0,1470.0,5842.0,0.0,2397.0358833636174
597,1417,9586 S CR 560 W,40.024444,-85.077286,430.0,1470.0,5842.0,0.0,2397.0358833636174
598,1420,2847 S CR 600 W,40.710329,-86.985467,0.0,12000.0,0.0,0.0,1320.1320132013202
599,1421,421 W CR 700 S,40.061181,-84.981199,0.0,8800.0,0.0,0.0,968.0968096809681
600,1422,3600 W CR 500 N,40.23878161,-85.0443317,0.0,4400.0,0.0,0.0,484.04840484048407
601,1423,CR 450 S & CR 1075 E,40.700104,-86.170963,720.0,4080.0,0.0,0.0,528.0528052805281
602,1426,9321 N CR 200 W,40.887568,-86.911733,0.0,4620.0,0.0,0.0,508.25082508250824
603,1427,9325 N CR 200 W,40.887568,-86.911733,0.0,4620.0,0.0,0.0,508.25082508250824
604,1428,7500 N CR 600 W,40.26488926,-85.07876873,0.0,8800.0,0.0,0.0,968.0968096809681
605,1429,7554 E CR 600 N,40.638912,-85.530155,0.0,4400.0,0.0,0.0,484.04840484048407
606,1430,5255 W CR 800 S,40.62522334,-85.32205582,0.0,4620.0,0.0,0.0,508.25082508250824
607,1433,3527 N CR 925 E,40.810927,-86.200475,0.0,8000.0,0.0,0.0,880.0880088008801
608,1436,4217 N CR 700 W,41.293216,-85.983284,0.0,4400.0,0.0,0.0,484.04840484048407
609,1437,705 E CR 350 S,40.69980332,-86.8575361,0.0,9240.0,0.0,0.0,1016.5016501650165
610,1438,1042 W CR 500 S,40.092265,-84.997055,0.0,8800.0,0.0,0.0,968.0968096809681
611,1439,7651 S CR 750 W,40.726646,-85.931155,0.0,5280.0,0.0,0.0,580.8580858085809
612,1440,3136 S State Line Rd,41.06427,-84.803336,5280.0,5280.0,0.0,0.0,1161.7161716171618
613,1441,SR 75 & CR 600 S,40.458802,-86.521423,0.0,11000.0,0.0,0.0,1210.1210121012102
614,1443,9670 W CR 1200 S 35,40.653239,-85.631731,0.0,8000.0,0.0,0.0,880.0880088008801
615,1444,11411N CR 450E,40.797498,-85.508032,0.0,8640.0,0.0,0.0,950.4950495049505
616,1445,5420 N CR 550 W,41.242453,-85.593629,0.0,4320.0,0.0,0.0,475.2475247524753
617,1446,505 N SR 167,40.44176,-85.197536,0.0,12000.0,0.0,0.0,1320.1320132013202
618,1449,CR 100 S & CR 600 W,41.034756,-86.356607,0.0,0.0,2500.0,30.0,947.5655430711611
619,1450,7150 US Hwy 421,40.651716,-86.73420691,8800.0,0.0,0.0,0.0,968.0968096809681
620,1451,1819 N CR 230 W,40.311365,-86.547532,0.0,6000.0,0.0,0.0,660.0660066006601
621,1452,9452 E SR 16,40.88353,-86.687663,0.0,6600.0,0.0,0.0,726.072607260726
622,1453,8347 E CR 600 N,40.84018866,-86.70919344,0.0,4620.0,0.0,0.0,508.25082508250824
623,1457,5164 W CR 750 N,39.442428,-85.572693,0.0,4000.0,0.0,0.0,440.04400440044003
624,1461,CR 50 N & CR 750 W,39.342457,-85.621463,0.0,4000.0,0.0,0.0,440.04400440044003
625,1462,CR 300 N & CR 700 W,39.379578,-85.616298,0.0,4000.0,0.0,0.0,440.04400440044003
626,1469,3766 N CR 200 E,40.501135,-85.332093,0.0,8800.0,0.0,0.0,968.0968096809681
627,1471,8070 E CR 800 N,41.759879,-85.272501,0.0,6000.0,0.0,0.0,660.0660066006601
628,1472,8070 E CR 800 N,41.759879,-85.272501,0.0,6000.0,0.0,0.0,660.0660066006601
629,1476,650 E CR 500 N,39.052668,-85.490842,0.0,4000.0,0.0,0.0,440.04400440044003
630,1477,2640 E CR 900 N,40.295011,-84.926133,0.0,6000.0,0.0,0.0,660.0660066006601
631,1478,CR 500 E & CR 1100 S,41.447242,-86.609863,0.0,8800.0,0.0,0.0,968.0968096809681
632,1479,CR 200 S & CR 400 E,40.520202,-86.449174,0.0,8800.0,0.0,0.0,968.0968096809681
633,1481,CR 325 N & CR 1400 E,40.79420325,-86.600489,0.0,4400.0,0.0,0.0,484.04840484048407
634,1482,CR 400 N & CR 1150 E,40.809207,-86.648524,0.0,4000.0,0.0,0.0,440.04400440044003
635,1483,1669 W CR 700 S,39.826456,-85.417927,0.0,17600.0,0.0,0.0,1936.1936193619363
636,1484,11655 E CR 1100 N,39.94537916,-85.58334795,0.0,8800.0,0.0,0.0,968.0968096809681
637,1485,CR 400 W & CR 950 N,40.457626,-87.396884,0.0,9240.0,0.0,0.0,1016.5016501650165
638,1491,7524 N CR 300 E,40.9356,-85.740993,0.0,4400.0,0.0,0.0,484.04840484048407
639,1497,3138 E CR 150 S,40.52523065,-86.46137554,0.0,4500.0,0.0,0.0,495.0495049504951
640,1499,5454 Rogers Campground Rd SE,38.10368722,-86.03212061,0.0,4400.0,0.0,0.0,484.04840484048407
641,1501,1062 S CR 1000 E,40.14787749,-85.16821666,1350.0,3600.0,0.0,0.0,544.5544554455446
642,1505,1684 S Shoop Rd,40.728065,-86.914919,0.0,9600.0,0.0,0.0,1056.1056105610562
643,1506,202 N CR 625 E,40.167561,-84.858016,0.0,9750.0,0.0,0.0,1072.6072607260726
644,1510,3327 W CR 100 S,40.736525,-86.934876,0.0,9240.0,0.0,0.0,1016.5016501650165
645,1511,2216 E Smithson Rd,40.707271,-86.831256,0.0,9240.0,0.0,0.0,1016.5016501650165
646,1512,5653 S CR 750 E,40.660516,-85.079011,0.0,8800.0,0.0,0.0,968.0968096809681
647,1513,CR 300 N & CR 800 E,40.779427,-85.071735,8800.0,8800.0,0.0,0.0,1936.1936193619363
648,1514,SR 124 & CR 300 E,40.747027,-85.391911,0.0,8800.0,0.0,0.0,968.0968096809681
649,1515,6500 W Terre Haute Rd,39.125879,-87.059306,2500.0,1800.0,6688.0,4.0,2979.414345928975
650,1516,4473 E SR 16,40.912933,-85.992166,0.0,4800.0,0.0,0.0,528.0528052805281
651,1518,7410 W CR 900 S,40.307625,-85.120181,0.0,1200.0,2800.0,0.0,1180.702339896911
652,1519,5813 S CR 1100 E,40.522494,-87.113053,0.0,4620.0,0.0,0.0,508.25082508250824
653,1521,5605 E CR 100 S,40.426039,-84.870802,4000.0,0.0,0.0,0.0,440.04400440044003
654,1522,1590 S CR 1000 W,40.140483,-85.173204,0.0,8800.0,0.0,0.0,968.0968096809681
655,1524,9276 S SR 227,40.02742544,-84.83217975,0.0,8800.0,0.0,0.0,968.0968096809681
656,1525,10387 E CR 450 S,40.700165,-86.177957,0.0,4800.0,0.0,0.0,528.0528052805281
657,1530,4584 W US Hwy 24,40.750116,-86.957785,0.0,4000.0,0.0,0.0,440.04400440044003
658,1535,3624 W CR 1500 N,40.982305,-86.141452,0.0,4400.0,0.0,0.0,484.04840484048407
659,1536,12071 E CR 300 S,41.012719,-86.018515,0.0,4400.0,0.0,0.0,484.04840484048407
660,1539,5096 N CR 1100 E,40.82591583,-86.65754143,1600.0,6400.0,0.0,0.0,880.0880088008801
661,1541,CR 17 & CR 44,41.507838,-85.88091,2093.0,1407.0,0.0,0.0,385.03850385038504
662,1545,SR 1 & SR 26,40.45090905,-85.16439649,0.0,8000.0,0.0,0.0,880.0880088008801
663,1547,Bloomingport Rd & CR 300 S,40.121184,-84.990867,0.0,8800.0,0.0,0.0,968.0968096809681
664,1548,CR 200 N & CR 600 E,41.325039,-86.582233,4400.0,8800.0,0.0,0.0,1452.145214521452
665,1549,9006 N CR 200 W,40.054749,-85.422562,0.0,8800.0,0.0,0.0,968.0968096809681
666,1551,CR 200 N & CR 1100 W,40.472064,-85.188345,0.0,8800.0,0.0,0.0,968.0968096809681
667,1552,107 N West Washington School Rd,38.601786,-86.232943,0.0,4400.0,0.0,0.0,484.04840484048407
668,1553,6479 W CR 200 S,40.257709,-86.627699,4400.0,6390.0,0.0,0.0,1187.018701870187
669,1555,4249 N CR 450 W,40.348114,-86.589726,0.0,15400.0,0.0,0.0,1694.1694169416942
670,1556,5008 E SR 42,39.99619,-86.762087,0.0,7800.0,0.0,0.0,858.085808580858
671,1558,6600 E CR 600 N,40.85257902,-85.95046156,0.0,8800.0,0.0,0.0,968.0968096809681
672,1559,CR 300 S & CR 500 E,41.599074,-85.333722,0.0,4400.0,0.0,0.0,484.04840484048407
673,1561,CR 50 N & CR 800 E,40.447654,-84.819711,4000.0,0.0,0.0,0.0,440.04400440044003
674,1564,6731 N CR 1200 W,40.261667,-85.204106,0.0,5000.0,0.0,0.0,550.05500550055
675,1565,18110 Hamm Rd,41.188763,-84.912214,0.0,4800.0,0.0,0.0,528.0528052805281
676,1566,CR 200 N & CR 600 E,40.575787,-86.424944,2640.0,14960.0,0.0,0.0,1936.1936193619363
677,1567,13897 E CR 800 S,38.539707,-86.913829,0.0,20000.0,0.0,0.0,2200.2200220022
678,1568,6345 S CR 400 E,38.563215,-87.092879,1015.0,5000.0,0.0,0.0,661.7161716171618
679,1569,3562 W SR 16,40.91322475,-85.8581245,0.0,4400.0,0.0,0.0,484.04840484048407
680,1570,6499 N CR 200 W,40.920062,-85.823732,0.0,9200.0,0.0,0.0,1012.1012101210122
681,1577,402 W CR 100 N,40.765525,-86.878048,0.0,0.0,990.0,4.0,372.28464419475654
682,1581,2224 S CR 700 W,40.4021557,-85.11366237,0.0,8000.0,0.0,0.0,880.0880088008801
683,1582,8421 S CR 450 E,40.623992,-84.848155,0.0,5000.0,0.0,0.0,550.05500550055
684,1583,5390 W CR 500 S,40.984361,-86.709917,0.0,4000.0,0.0,0.0,440.04400440044003
685,1584,7463 W CR 1500 N,40.32103988,-85.80659586,0.0,8000.0,0.0,0.0,880.0880088008801
686,1585,1162 E CR 300 S,39.742858,-85.779913,2400.0,1600.0,1580.0,0.0,1031.804304025908
687,1586,SR 1 & CR 200 S,40.4000979,-85.1393222,0.0,8800.0,0.0,0.0,968.0968096809681
688,1587,2991 S 400 W,40.3947866,-85.0567575,0.0,8000.0,0.0,0.0,880.0880088008801
689,1588,9564 W SR 26,40.451033,-85.162869,0.0,4400.0,0.0,0.0,484.04840484048407
690,1592,3572 S CR 400 W,40.38673,-85.0567,0.0,4400.0,0.0,0.0,484.04840484048407
691,1594,648 S CR 300 E,40.431376,-84.920846,0.0,8800.0,0.0,0.0,968.0968096809681
692,1601,9700 W SR 244,39.49734,-85.625542,6000.0,5000.0,0.0,0.0,1210.1210121012102
693,1602,1750 B CR 550 S,40.466135,-86.557895,0.0,5000.0,0.0,0.0,550.05500550055
694,1603,1750 A CR 550 S,40.466135,-86.557895,0.0,5000.0,0.0,0.0,550.05500550055
695,1604,7810 E CR 900 S,40.628863,-86.223697,4400.0,4400.0,0.0,0.0,968.0968096809681
696,1606,CR 880 W & CR 1200 S,40.842445,-87.219005,3272.0,1647.0,5762.0,15.0,2704.8145263964598
697,1607,11044 CR 500 W,41.391244,-85.939246,2640.0,2640.0,0.0,0.0,580.8580858085809
698,1608,7445 CR 300 W,41.533188,-85.480125,2200.0,2200.0,0.0,0.0,484.04840484048407
699,1609,2149 W CR 400 N,41.06952,-87.084941,3360.0,712.0,888.0,16.0,786.5415755058652
700,1611,11406 W CR 150 S,40.421113,-85.187894,0.0,8800.0,0.0,0.0,968.0968096809681
701,1612,Price Rd & Orn Rd,41.380949,-85.883479,0.0,4000.0,0.0,0.0,440.04400440044003
702,1613,CR 200 S & CR 500 E,40.416516,-84.882323,0.0,4800.0,0.0,0.0,528.0528052805281
703,1614,CR 300 W & CR 900 N,40.868916,-85.004426,0.0,4800.0,0.0,0.0,528.0528052805281
704,1615,CR 300 W & CR 500 S,40.213617,-86.558564,0.0,10000.0,0.0,0.0,1100.1100110011
705,1621,CR 400 E & CR 640 N,39.44534,-85.406011,0.0,4000.0,0.0,0.0,440.04400440044003
706,1625,2265 E Chalmers Rd,40.665931,-86.827164,0.0,9600.0,0.0,0.0,1056.1056105610562
707,1626,11189 W CR 750 N,41.165131,-86.817895,0.0,7040.0,0.0,0.0,774.4774477447745
708,1627,1502 W CR 300 N,38.920782,-86.066856,0.0,8800.0,0.0,0.0,968.0968096809681
709,1628,CR 650 N & CR 900 W,40.641659,-86.696229,4400.0,8800.0,0.0,0.0,1452.145214521452
710,1629,4696 S CR 600 E,40.679594,-84.821416,0.0,4800.0,0.0,0.0,528.0528052805281
711,1630,SR 15 & CR 500 N,40.627936,-85.702963,0.0,9240.0,0.0,0.0,1016.5016501650165
712,1631,E County Line Rd & CR 300 E,40.221809,-86.84728,0.0,9600.0,0.0,0.0,1056.1056105610562
713,1632,CR 350 E & CR 900 N,40.206202,-86.838083,0.0,9600.0,0.0,0.0,1056.1056105610562
714,1634,29732 CR 30,41.592869,-86.035985,2200.0,2200.0,0.0,0.0,484.04840484048407
715,1635,SR19 & CR 36,41.567286,-86.005651,4400.0,4400.0,0.0,0.0,968.0968096809681
716,1636,CR 300 N & CR 300 E,40.48328,-84.930148,0.0,5000.0,0.0,0.0,550.05500550055
717,1637,6762 N CR 725 E,39.885195,-85.667572,5000.0,5000.0,0.0,0.0,1100.1100110011
718,1638,7251 Snowden Rd,39.528423,-84.942355,900.0,0.0,3723.0,0.0,1493.3919234620091
719,1640,2450 W CR 550 N,40.38347526,-86.06001065,1100.0,6900.0,1055.0,10.0,1278.9644132952621
720,1643,5675 W CR 600 N,40.490293,-87.015129,600.0,2300.0,1000.0,50.0,712.2903301566112
721,1644,6607 E CR 600 S,40.352988,-84.850375,3920.0,0.0,0.0,0.0,431.24312431243123
722,1645,CR 200 S & CR 1000 W,40.721174,-87.060028,0.0,4800.0,0.0,0.0,528.0528052805281
723,1646,CR 200 S & CR 1000 W,40.721174,-87.060028,0.0,4800.0,0.0,0.0,528.0528052805281
724,1647,10142 S CR 350 E,39.376782,-85.71273,0.0,4400.0,0.0,0.0,484.04840484048407
725,1648,SR 15 & CR 700 N,40.930721,-85.889875,0.0,9600.0,0.0,0.0,1056.1056105610562
726,1649,5645 N CR 500 E,39.411252,-85.385475,0.0,8000.0,0.0,0.0,880.0880088008801
727,1652,CR 300 S & CR 700 W,40.403318,-85.113547,0.0,8000.0,0.0,0.0,880.0880088008801
728,1654,CR 300 S & CR 1100 W,40.124623,-85.184552,0.0,8800.0,0.0,0.0,968.0968096809681
729,1656,CR 200 E & CR 800 N,40.935203,-85.759535,0.0,5000.0,0.0,0.0,550.05500550055
730,1657,CR 200 N & CR 500 W,40.772456,-85.03823,0.0,8800.0,0.0,0.0,968.0968096809681
731,1658,CR 700 E & CR 1150 S,40.598914,-86.244045,4400.0,8800.0,0.0,0.0,1452.145214521452
732,1659,7723 N CR 800 W,40.429189,-87.469602,9400.0,9400.0,0.0,0.0,2068.206820682068
733,1661,Knox Rd & CR 100 S,40.421824,-85.170036,0.0,8800.0,0.0,0.0,968.0968096809681
734,1662,1776 S CR 1050 E,38.855638,-85.841555,0.0,4400.0,0.0,0.0,484.04840484048407
735,1664,8356 N CR 800 E,40.953687,-85.644658,0.0,5000.0,0.0,0.0,550.05500550055
736,1668,Division Rd & CR 975 W,40.312679,-86.198128,4000.0,4000.0,0.0,0.0,880.0880088008801
737,1670,1196 W CR 300 S,40.785432,-85.473174,800.0,2150.0,210.0,0.0,403.18413863858297
738,1671,8935 W CR 525 N,39.60006422,-85.95063014,880.0,1500.0,500.0,0.0,449.0921002212581
739,1673,5378 E CR 1400 N,40.97174675,-85.97655675,0.0,4400.0,0.0,0.0,484.04840484048407
740,1674,6528 W CR 100 N,40.764415,-86.99652,1250.0,1800.0,0.0,0.0,335.5335533553355
741,1675,5418 W CR 100 S,40.726908,-85.324433,0.0,0.0,1000.0,0.0,374.53183520599254
742,1681,4305 N CR 225 W,38.938997,-86.075178,4400.0,0.0,0.0,0.0,484.04840484048407
743,1682,617 W CR 400 N,40.493192,-84.99414,0.0,8800.0,0.0,0.0,968.0968096809681
744,1683,3875 S CR 900 W,41.594551,-85.59841,0.0,0.0,1394.0,0.0,522.0973782771536
745,1684,9800 S Meridian Rd,41.02185,-85.489916,0.0,4620.0,0.0,0.0,508.25082508250824
746,1686,828 Hamilton Rd,40.949035,-85.146632,0.0,9240.0,0.0,0.0,1016.5016501650165
747,1688,2339 W CR 500 S,40.692363,-86.115958,0.0,1000.0,1484.0,0.0,665.8162445458029
748,1691,Division Rd & CR 975 W,40.312687,-86.198117,4000.0,4000.0,0.0,0.0,880.0880088008801
749,1695,10781 N CR 700 E,39.765504,-85.320446,0.0,4000.0,0.0,0.0,440.04400440044003
750,1698,5374 N CR 650 W,39.688036,-85.567721,0.0,4000.0,0.0,0.0,440.04400440044003
751,1701,1518 E CR 900 S,40.611075,-85.192464,0.0,9240.0,0.0,0.0,1016.5016501650165
752,1702,9975 N CR 150 E,40.692276,-86.49365,0.0,4620.0,0.0,0.0,508.25082508250824
753,1703,6903 S SR 227,39.726185,-84.844365,0.0,8800.0,0.0,0.0,968.0968096809681
754,1704,9471 N CR 300 E,40.301561,-84.914113,0.0,4620.0,0.0,0.0,508.25082508250824
755,1705,8356 N CR 800 E,40.953687,-85.644658,0.0,5000.0,0.0,0.0,550.05500550055
756,1708,CR 450 W & CR 700 N,40.264984,-85.070707,0.0,4400.0,0.0,0.0,484.04840484048407
757,1710,CR 300 E & CR 475 N,40.826794,-86.318838,8800.0,8800.0,0.0,0.0,1936.1936193619363
758,1711,CR 200 E & CR 300 N,41.351206,-86.659306,0.0,17600.0,0.0,0.0,1936.1936193619363
759,1712,CR 600 E & CR 1200 S,40.586507,-85.957894,0.0,6600.0,0.0,0.0,726.072607260726
760,1713,CR 200 E & CR 475 N,40.822034,-86.828323,0.0,4400.0,0.0,0.0,484.04840484048407
761,1714,2326 N CR 1000 E,40.322059,-86.318959,2600.0,4600.0,0.0,0.0,792.0792079207921
762,1716,5001 E CR 250 N,39.6484595,-85.34977072,0.0,7600.0,0.0,0.0,836.0836083608361
763,1718,7017 CR 68,41.28439103,-84.85603451,2900.0,3600.0,750.0,0.0,995.9703835552095
764,1719,CR 850 S & CR 1000 W,39.205247,-85.667373,3600.0,0.0,0.0,0.0,396.03960396039605
765,1723,CR 150 W & CR 400 S,40.490889,-86.555279,0.0,6000.0,0.0,0.0,660.0660066006601
766,1724,SR 29 & CR 100 S,40.533837,-86.402617,0.0,8800.0,0.0,0.0,968.0968096809681
767,1725,CR 400 S & CR 1000 W,40.099047,-85.165107,0.0,8800.0,0.0,0.0,968.0968096809681
768,1728,8400 N CR 950 W,40.559826,-85.163156,0.0,8600.0,0.0,0.0,946.0946094609461
769,1729,1627 E CR 1250 S,40.584366,-86.342286,0.0,4400.0,0.0,0.0,484.04840484048407
770,1730,CR 200 N & CR 400 W,41.087919,-86.679629,0.0,10000.0,0.0,0.0,1100.1100110011
771,1735,10357 E Division Rd,40.751469,-86.670458,500.0,5000.0,0.0,0.0,605.0605060506051
772,1737,CR 700 E & CR 1200 S,38.901738,-87.275451,4950.0,8400.0,0.0,0.0,1468.6468646864687
773,1738,3456 E CR 300 N,39.655516,-85.385358,4000.0,0.0,0.0,0.0,440.04400440044003
774,1740,SR 1 & CR 200 S,40.400388,-85.149776,4400.0,8800.0,0.0,0.0,1452.145214521452
775,1741,SR 13 & CR 1050 N,40.97844,-85.813419,1000.0,5000.0,0.0,0.0,660.0660066006601
776,1742,SR 13 & CR 1050 N,40.97844,-85.813419,1000.0,5000.0,0.0,0.0,660.0660066006601
777,1745,CR 550 W & CR 500 N,40.286574,-85.074356,0.0,8800.0,0.0,0.0,968.0968096809681
778,1747,CR 1050 W & Division Rd,40.301857,-86.212425,4400.0,8800.0,0.0,0.0,1452.145214521452
779,1748,7128 E Orange  Rd,39.589555,-85.316849,0.0,4400.0,0.0,0.0,484.04840484048407
780,1750,8172 W CR 550 N,40.517738,-85.138073,0.0,9240.0,0.0,0.0,1016.5016501650165
781,1751,2730 S CR 050 W,41.601768,-85.441173,2200.0,2450.0,0.0,0.0,511.55115511551156
782,1752,20565 E CR 200 N,39.232424,-85.701899,4000.0,4400.0,0.0,0.0,924.0924092409241
783,1756,3661 W CR 800 N,40.942089,-85.864484,0.0,9600.0,0.0,0.0,1056.1056105610562
784,1759,CR 700 E & CR 1125 S,41.436822,-86.563192,4400.0,8800.0,0.0,0.0,1452.145214521452
785,1760,CR 100 W & CR 1200 N,40.938017,-86.095203,0.0,4620.0,0.0,0.0,508.25082508250824
786,1761,CR 100 W & CR 1200 N,40.938017,-86.095203,0.0,4620.0,0.0,0.0,508.25082508250824
787,1763,10427 E CR 700 N,40.38834,-86.312051,0.0,4400.0,0.0,0.0,484.04840484048407
788,1765,1627 E CR 1250 S,40.584366,-86.342286,0.0,4400.0,0.0,0.0,484.04840484048407
789,1766,509 W CR 1000 S,39.467896,-85.45003,5000.0,5000.0,0.0,0.0,1100.1100110011
790,1767,8384 S CR 600 W,41.04073,-85.605711,0.0,3000.0,0.0,0.0,330.03300330033005
791,1771,1236 N CR 100 E,40.771522,-86.853303,20378.0,37948.0,4316.0,12.0,8037.475432936552
792,1773,CR 850 N & CR 900 W,40.430744,-87.489211,9400.0,9400.0,0.0,0.0,2068.206820682068
793,1775,4867 W CR 800 S,40.634574,-86.961114,0.0,10560.0,0.0,0.0,1161.7161716171618
794,1776,4681 S CR 60 SW,39.26852976,-85.50614303,0.0,3000.0,0.0,0.0,330.03300330033005
795,1777,9566 W CR 600 N,41.10100167,-87.22960438,0.0,200.0,1482.0,0.0,577.058379995303
796,1780,7801 E CR 600 S,38.79338,-85.894017,0.0,4000.0,0.0,0.0,440.04400440044003
797,1783,2519 S CR 300 W,40.40934687,-85.03737953,0.0,4000.0,0.0,0.0,440.04400440044003
798,1784,5591 CR S 500 E,40.471164,-86.430201,1600.0,11000.0,0.0,0.0,1386.1386138613861
799,1785,1391 W CR 100 S,40.730881,-84.963697,4200.0,0.0,0.0,0.0,462.04620462046205
800,1789,4325 N CR 650 W,40.502653,-85.105642,0.0,4620.0,0.0,0.0,508.25082508250824
801,1793,CR 900 W & CR 1000 N,40.417642,-86.694519,0.0,13200.0,0.0,0.0,1452.145214521452
802,1795,SR 75 & CR 800 N,40.402207,-86.525291,0.0,13200.0,0.0,0.0,1452.145214521452
803,1796,4365 N CR 300 W,40.344167,-86.562313,0.0,13200.0,0.0,0.0,1452.145214521452
804,1798,1241 N CR 1100 E,40.304408,-86.298279,0.0,658.0,2691.0,0.0,1080.2524072631982
805,1800,SR 26 & CR N 1100 W,40.457059,-85.188164,0.0,8800.0,0.0,0.0,968.0968096809681
806,1801,350 N CR 700 E,40.357041,-85.885162,0.0,4400.0,0.0,0.0,484.04840484048407
807,1804,CR 200 W & CR 1000 N,40.896207,-86.911764,0.0,4620.0,0.0,0.0,508.25082508250824
808,1805,CR 200 W & CR 1000 N,40.896207,-86.911764,0.0,4620.0,0.0,0.0,508.25082508250824
809,1806,US Hwy 421 & CR 500 S,40.474971,-86.632918,4400.0,8800.0,0.0,0.0,1452.145214521452
810,1809,CR 400 E & SR 28,40.251633,-84.900329,0.0,4400.0,0.0,0.0,484.04840484048407
811,1814,CR 500 N & CR 900 E,40.533227,-85.212983,0.0,9240.0,0.0,0.0,1016.5016501650165
812,1815,8199 S America Rd,40.711631,-85.698462,0.0,10560.0,0.0,0.0,1161.7161716171618
813,1816,CR 200 E & CR 800 S,40.432578,-86.495591,0.0,10000.0,0.0,0.0,1100.1100110011
814,1819,CR 450 N & CR 500 W,40.379059,-87.414465,4200.0,4200.0,0.0,0.0,924.0924092409241
815,1823,5256 N CR 1100 W,40.843126,-86.580633,0.0,9600.0,0.0,0.0,1056.1056105610562
816,1824,10500 N CR 400 E,40.921809,-86.005676,0.0,5000.0,0.0,0.0,550.05500550055
817,1825,CR 500 N & CR 800 E,40.89903,-85.653377,0.0,10000.0,0.0,0.0,1100.1100110011
818,1826,8769 S CR 900 W,40.61343,-85.389088,0.0,4400.0,0.0,0.0,484.04840484048407
819,1827,CR 150 W & CR 600 N,39.423985,-85.518788,5500.0,5500.0,0.0,0.0,1210.1210121012102
820,1829,CR 400 S & CR 850 E,40.382199,-84.817383,0.0,9200.0,0.0,0.0,1012.1012101210122
821,1832,20530 W CR 700 N,39.305498,-85.695044,6000.0,5000.0,0.0,0.0,1210.1210121012102
822,1833,5374 N SR 3,39.689494,-85.440541,10000.0,5000.0,0.0,0.0,1650.1650165016501
823,1834,County Line Rd & CR 700 E,40.21463132,-86.76440327,0.0,0.0,1478.0,0.0,553.558052434457
