,PInflow (kgPin/year),Minimum cost technology,Minimum cost P recovered (kg P/year),Minimum cost P recovered (% over inflow),Minimum cost P recovery cost (EUR/kg P recovered),Minimum cost P recovery cost (EUR/year),Maximum P recovery technology,Maximum P recovery P recovered (kg P/year),Maximum P recovery P recovered (% over inflow),Maximum P recovery P recovery cost (EUR/kg P recovered),Maximum P recovery P recovery cost (EUR/year)
375,84.93362562552817,P RoC,22.932078918892607,27.0,18.50034588086088,424.2513917667115,REMNUT,39.91880404399824,47.00000000000001,47.20141481324558,1884.2240285294256
503,56509.45906561995,P RoC,15257.553947717388,27.0,4.427012222058877,67545.37780526753,REMNUT,26559.445760841376,47.0,31.957480100507887,848772.9593826068
1412,154.23569826015537,P RoC,41.64363853024194,26.99999999999999,16.224700740397246,675.6555728944518,REMNUT,72.490778182273,46.999999999999986,45.541643773975,3301.349196875316
1436,8236.527116957712,P RoC,2223.8623215785824,27.0,6.76259944959416,15039.090111880512,REMNUT,3871.167744970124,47.0,35.871963433405185,138866.3877921459
7059,5422.411243947113,P RoC,1464.0510358657205,27.0,7.414041873517391,10854.535684874963,REMNUT,2548.533284655143,47.0,36.783093325961296,93742.9376537888
7391,48.392409337460194,P RoC,13.065950521114251,26.999999999999996,20.93757500046784,273.56931898823154,REMNUT,22.74443238860629,46.99999999999999,48.821729647494735,1110.4225290622592
7890,5463.728152014737,P RoC,1475.2066010439792,27.0,7.401670977965695,10918.993885450638,REMNUT,2567.9522314469264,47.0,36.76634441368374,94414.2161792654
8469,75.15366426822695,P RoC,20.29148935242128,27.000000000000007,19.00502033883589,385.6401678480384,REMNUT,35.32222220606666,47.0,47.54915314826976,1679.5417532134786
8493,1863.27070604142,P RoC,503.0830906311835,27.000000000000007,9.3781389612431,4717.983132990895,REMNUT,875.7372318394674,47.0,39.21780102858455,34344.48851160365
8983,11911.912365176888,P RoC,3216.21633859776,27.0,6.235358759836537,20054.26272040494,REMNUT,5598.598811633137,47.0,35.08656938129426,196435.62564239767
9220,9991.577777604589,P RoC,2697.72599995324,27.000000000000007,6.481236630009165,17484.60056862504,REMNUT,4696.041555474157,47.0,35.458613656285856,166515.1232294218
9281,3100.606006358081,P RoC,837.163621716682,27.000000000000007,8.384151657952732,7018.906766993632,REMNUT,1457.2848229882982,47.00000000000001,38.03759071672909,55431.60365452989
9389,2921.060861657627,P RoC,788.6864326475593,27.0,8.494903323146126,6699.814997618015,REMNUT,1372.898604979085,47.00000000000001,38.1739728084652,52408.994015251374
9390,6775.422978486912,P RoC,1829.3642041914663,27.0,7.059458072301882,12914.319898459556,REMNUT,3184.4487998888485,47.0,36.29473346090708,115578.7204118712
9562,3418.137457328728,P RoC,922.8971134787566,27.0,8.206229883505513,7573.505872030351,REMNUT,1606.524604944502,47.0,37.81572445019525,60751.89178304007
9835,1621.794059019023,P RoC,437.8843959351362,26.999999999999996,9.6689278351514,4233.872624435696,REMNUT,762.2432077389408,47.0,39.545771611820896,30143.495805905903
9840,8582.214147428069,P RoC,2317.1978198055785,27.0,6.7017082525025256,15529.183751671906,REMNUT,4033.640649291192,47.0,35.783583918807466,144338.1186722244
9881,527.582905457716,P RoC,142.44738447358333,27.0,12.378653790190976,1763.3068557167137,REMNUT,247.96396556512653,47.0,42.30214146418895,10489.40674935726
9914,1851.415439328298,P RoC,499.8821686186405,27.0,9.391317430915926,4694.552123552293,REMNUT,870.1652564843,47.0,39.23282339418295,34139.03983140246
9963,1877.0265631992736,P RoC,506.7971720638039,27.0,9.362975390143776,4745.129449827857,REMNUT,882.2024847036586,47.0,39.20049680372912,34582.77568186766
9985,6769.367703666809,P RoC,1827.7292799900383,27.0,7.060846835961787,12905.316503612376,REMNUT,3181.6028207234,47.0,36.296680605021336,115481.6213958322
10338,3901.237312741945,P RoC,1053.3340744403251,27.0,7.971000800457163,8396.126750512636,REMNUT,1833.581536988714,47.0,37.5169611891539,68790.40736035474
10411,4833.276184786584,P RoC,1304.9845698923775,26.999999999999996,7.604036962242587,9923.150904617883,REMNUT,2271.639806849694,46.99999999999999,37.03780999542303,84136.56354413845
10555,3032.4923119593773,P RoC,818.7729242290319,27.0,8.425223648991114,6898.34500436805,REMNUT,1425.2713866209072,46.99999999999999,38.088319687571264,54286.19221516509
10564,11343.223431643974,P RoC,3062.670326543873,27.0,6.302826421771048,19303.47945531489,REMNUT,5331.315012872668,47.00000000000001,35.189703449690306,187607.39429987103
10565,6811.25175625152,P RoC,1839.0379741879103,26.999999999999996,7.05127169177131,12967.556407483671,REMNUT,3201.2883254382145,47.0,36.28324991621125,116153.14436572416
10566,4286.029885555522,P RoC,1157.228069099991,27.0,7.807737992406587,9035.333560991314,REMNUT,2014.4340462110952,47.0,37.305810897620674,75150.09559367999
10567,1637.2959789774468,P RoC,442.06991432391067,27.0,9.648713055238888,4265.405753665454,REMNUT,769.5291101194,47.0,39.52320586206295,30414.25743609916
10568,3149.1725421885367,P RoC,850.276586390905,27.0,8.355532900904588,7104.513992458049,REMNUT,1480.111094828612,46.99999999999999,38.002136082691386,56247.38324317825
10684,12620.832148432337,P RoC,3407.624680076731,26.999999999999996,6.1565585777096485,20979.240953741493,REMNUT,5931.791109763197,46.999999999999986,34.96507923300563,207405.5461465086
11004,430.65143488851294,P RoC,116.2758874198985,27.0,12.944034932080973,1505.0791485218804,REMNUT,202.40617439760103,46.99999999999999,42.82055010335287,8667.143732020455
11104,1189.241400004754,P RoC,321.0951780012836,27.0,10.35184998392547,3323.9291132311337,REMNUT,558.9434580022344,47.0,40.28873161633768,22519.12296815973
11122,2744.144814265632,P RoC,740.9190998517207,27.000000000000007,8.612472103637845,6381.145078525408,REMNUT,1289.7480627048471,47.00000000000001,38.317341938939215,49419.71753374604
11148,10709.918587179787,P RoC,2891.6780185385437,27.000000000000014,6.382993713469863,18457.56261371051,REMNUT,5033.6617359745005,47.0,35.31121214021185,177744.69740106264
11407,25958.241843725773,P RoC,7008.72529780596,27.0,5.253355774490439,36819.32751504616,REMNUT,12200.373666551111,46.99999999999999,33.48445847318145,408522.9053949273
11440,3729.361745271962,P RoC,1006.9276712234298,27.0,8.050405964118124,8106.176529852672,REMNUT,1752.800020277822,47.0,37.61852173857536,65937.74566619657
11524,6060.044627702084,P RoC,1636.212049479563,27.000000000000007,7.234902670900499,11837.834926939267,REMNUT,2848.220975019979,47.0,36.53854478825284,104069.84966260869
11738,6478.055031406873,P RoC,1749.074858479856,27.0,7.129507902287143,12470.0430252239,REMNUT,3044.6858647612303,47.0,36.39260286138816,110804.04351393763
11920,3454.453264223732,P RoC,932.7023813404076,26.999999999999996,8.187172168230704,7636.194977752687,REMNUT,1623.5930341851538,47.0,37.79175294840352,61358.4268366742
11955,6833.0300151818,P RoC,1844.918104099086,26.999999999999996,7.046321289663704,12999.88571459939,REMNUT,3211.524107135446,47.0,36.27630097429947,116502.2150966638
12234,2502.330324731221,P RoC,675.6291876774297,27.0,8.789042274848955,5938.133492618788,REMNUT,1176.0952526236738,47.0,38.53000965381852,45314.96143740028
12313,2225.673336684182,P RoC,600.9318009047291,27.0,9.018532214262564,5419.522805034118,REMNUT,1046.0664682415654,47.0,38.8018212617563,40589.2841286259
12337,3061.896016763052,P RoC,826.711924526024,26.999999999999996,8.40735677739742,6950.462101619131,REMNUT,1439.091127878634,46.999999999999986,38.06627405097432,54780.837258153806
12420,6135.454027526698,P RoC,1656.5725874322086,27.0,7.215245266919944,11952.577520779569,REMNUT,2883.663392937548,47.0,36.51144269514013,105286.71072331264
12474,4717.239231323334,P RoC,1273.6545924573002,27.0,7.644798372415172,9736.832555436678,REMNUT,2217.102438721967,47.0,37.09185232659419,82236.43625000704
12505,2351.213695000392,P RoC,634.8276976501058,27.0,8.910316103534319,5656.515457341354,REMNUT,1105.070436650184,47.0,38.674282923453646,42737.80671735368
12571,18304.645867645268,P RoC,4942.254384264223,27.0,5.67301433701136,28037.479979088184,REMNUT,8603.183557793276,47.0,34.193701513535096,294174.6906413362
14028,9362.547519018231,P RoC,2527.8878301349228,27.0,6.57462045072271,16619.90302513812,REMNUT,4400.397333938568,47.0,35.59722585463186,156641.9377463311
14215,71973.4907829491,P RoC,19432.84251139626,27.0,4.197584130343986,81570.99133331091,REMNUT,33827.540667986075,47.0,31.497018255277094,1065466.6659506855
14286,19597.634430268947,P RoC,5291.361296172616,27.0,5.588465452650654,29570.58980115345,REMNUT,9210.888182226405,47.0,34.053956508027035,313667.1855578382
14287,1817.5832094207287,P RoC,490.7474665435969,27.000000000000007,9.42949918968495,4627.5028381127895,REMNUT,854.2641084277427,47.000000000000014,39.27626106203167,33552.300138531755
14288,4383.657771570846,P RoC,1183.5875983241283,26.999999999999996,7.7691465345743165,9195.465487885042,REMNUT,2060.319152638297,46.999999999999986,37.25543148354439,76758.07902535032
14290,2283.376783420681,P RoC,616.511731523584,27.000000000000007,8.967890693849519,5528.809819779402,REMNUT,1073.1870882077203,47.00000000000001,38.7422769449043,41577.711385038936
14291,4760.9618641382185,P RoC,1285.459703317319,27.0,7.629297308534325,9807.154254748157,REMNUT,2237.6520761449624,46.99999999999999,37.07132544216664,82952.72834110975
14298,5633.379182247588,P RoC,1521.012379206849,27.0,7.352045690641641,11182.552507960305,REMNUT,2647.688215656366,47.0,36.69895154962114,97167.38154487584
14351,1916.7140057748693,P RoC,517.5127815592148,27.0,9.31997536474188,4823.206375070928,REMNUT,900.8555827141884,46.99999999999999,39.15131532666126,35269.68098262637
14352,7965.488163823748,P RoC,2150.681804232412,27.0,6.8125648076546605,14651.65917197696,REMNUT,3743.7794369971616,47.0,35.94405353049365,134566.60848978735
14353,8439.79931605398,P RoC,2278.745815334575,27.0,6.726425053346721,15327.812942475486,REMNUT,3966.7056785453706,47.0,35.81952884037947,142085.52845395292
14355,2160.49109596857,P RoC,583.3325959115139,27.0,9.077700044780174,5295.318332027685,REMNUT,1015.4308151052278,47.0,38.87108358155712,39470.89608524398
15883,64415.7940110486,P RoC,17392.264382983125,27.0,4.301293262712148,74809.22961383377,REMNUT,30275.42318519284,47.0,31.707372465983827,959954.119498192
15912,2157.1357549428985,P RoC,582.4266538345827,27.0,9.080804564377676,5288.902616556295,REMNUT,1013.8538048231622,47.0,38.87470867989491,39413.27130650346
17231,3553.3980299341983,P RoC,959.4174680822337,27.0,8.136464340346942,7806.266016557044,REMNUT,1670.0970740690732,47.0,37.7277725106713,63009.04248121575
17251,51848.765002645865,P RoC,13999.166550714384,27.0,4.511645027666085,63159.270159999935,REMNUT,24368.919551243554,47.0,32.12295513818725,782801.7095106909
18076,233.9215397427414,P RoC,63.15881573054018,27.0,14.804097166568347,935.0092450003024,REMNUT,109.94312367908846,47.0,44.41765058114568,4883.415251377435
18945,582.1310733206215,P RoC,157.1753897965678,27.0,12.11358809338929,1903.957930413524,REMNUT,273.60160446069204,46.99999999999999,42.05315164414188,11505.809762466008
19048,748.3470545074821,P RoC,202.05370471702017,27.0,11.462377364206018,2316.0158113023385,REMNUT,351.72311561851654,47.0,41.42415069076917,14569.831342808257
19140,107600.59231938476,P RoC,29052.15992623389,27.000000000000007,3.842183904463719,111623.7412584817,REMNUT,50572.278390110834,47.0,30.746162376350107,1554903.4831243292
20218,1279.5527143832833,P RoC,345.47923288348653,27.0,10.186490250322771,3519.220837456626,REMNUT,601.3897757601432,47.0,40.11218367058621,24123.05714290352
20971,152.65059043985318,P RoC,41.21565941876036,27.0,16.261616189511756,670.2332344655161,REMNUT,71.74577750673099,47.0,45.5698802004705,3269.4464858713422
22298,4358.693500237276,P RoC,1176.8472450640645,27.0,7.778914197725439,9154.59374318292,REMNUT,2048.58594511152,47.0,37.26819990111578,76347.1105170323
22327,2694.8664283298112,P RoC,727.613935649049,27.0,8.646874989137093,6291.586741911368,REMNUT,1266.5872213150112,47.0,38.35902514709969,48585.05107341764
22430,2425.6889132058404,P RoC,654.9360065655769,27.0,8.849396439646274,5795.788364697565,REMNUT,1140.073789206745,47.0,38.601989651950646,44009.11661341893
23246,702.7183091703648,P RoC,189.7339434759985,27.0,11.622123733232446,2205.111367472185,REMNUT,330.27760531007146,47.0,41.58080758947116,13733.20955750938
23247,226.83110170589572,P RoC,61.244397460591856,27.000000000000007,14.904684984956326,912.8284512435808,REMNUT,106.610617801771,47.0,44.49975706193054,4744.146592401136
23248,67.19779900339225,P RoC,18.14340573091591,27.0,19.47866835537799,353.4093830695754,REMNUT,31.582965531594358,47.0,47.86945612990476,1511.85938296695
23249,355.9087580277202,P RoC,96.09536466748446,27.0,13.49841777765209,1297.1353787775329,REMNUT,167.27711627302847,47.0,43.31312069928356,7245.293927361772
23255,115.02306382376544,P RoC,31.056227232416678,27.000000000000007,17.306318379577597,537.468956152711,REMNUT,54.06083999716976,47.0,46.35031609787872,2505.7370223856637
23256,55.33913757049488,P RoC,14.941567144033618,27.0,20.32873005594269,303.743085083802,REMNUT,26.009394658132592,47.0,48.43037735684035,1259.6447981163492
23276,77496.60340167001,P RoC,20924.082918450906,27.0,4.129858644133133,86413.50471132291,REMNUT,36423.403598784906,47.0,31.357601455204914,1142150.5736927737
23277,15.76055234235333,P RoC,4.255349132435399,27.0,26.798572366470182,114.03728167016617,REMNUT,7.407459600906065,47.0,52.2210392123785,386.8252382830252
23278,37651.17618034681,P RoC,10165.81756869364,27.0,4.840676874348992,49209.43801362599,REMNUT,17696.052804763,47.0,32.74560986693074,579468.0413293748
23299,149.45864859268846,P RoC,40.353835120025884,27.0,16.337392493163005,659.2764429602485,REMNUT,70.24556483856357,46.99999999999999,45.62769534418958,3205.1432317344943
23308,636.896503249131,P RoC,171.9620558772654,27.000000000000007,11.87632910431253,2042.2779690525845,REMNUT,299.34135652709153,46.99999999999999,41.826898675913526,12520.520588969164
23309,141.41587850161216,P RoC,38.182287195435286,27.0,16.537420724280913,631.4365475662372,REMNUT,66.46546289575771,47.0,45.77937989292201,3042.7476756638043
23310,836.5458574014556,P RoC,225.86738149839303,27.0,11.184836200933349,2526.2896651932497,REMNUT,393.1765529786841,46.99999999999999,41.14815915864872,16178.491379415776
23311,539.1747419162934,P RoC,145.57718031739924,27.0,12.319607609502052,1793.453738408084,REMNUT,253.41212870065792,47.0,42.24701450462472,10705.90587686452
23313,73.02178024948817,P RoC,19.71588066736181,27.0,19.12572215277051,377.0804556411416,REMNUT,34.32023671725944,47.0,47.631323722770674,1634.7183053219046
23314,140.63373506543795,P RoC,37.971108467668245,27.0,16.557611241345075,628.7108524105969,REMNUT,66.09785548075583,46.99999999999999,45.79461640017757,3026.925936615588
23315,186.13746418897225,P RoC,50.25711533102251,27.0,15.567323107690962,782.3687528185164,REMNUT,87.48460816881695,47.0,45.03081099496481,3939.502855418551
23340,133.46770793493425,P RoC,36.03628114243225,27.0,16.74922086543372,603.579632023462,REMNUT,62.7298227294191,47.0,45.93854375716278,2881.716706334484
23341,107.8126790215343,P RoC,29.10942333581426,27.0,17.55456247296872,511.0031905006449,REMNUT,50.67195914012112,47.0,46.5307021275062,2357.801836966141
23342,148.0292452527358,P RoC,39.96789621823866,26.999999999999996,16.371969183924914,654.3531652313126,REMNUT,69.57374526878581,47.0,45.6540115836031,3176.320572415799
23343,144.00853915115266,P RoC,38.88230557081122,27.0,16.471454848769593,640.4481406256795,REMNUT,67.68401340104175,47.0,45.729505115717366,3095.1564370752217
23344,708.8677308855633,P RoC,191.3942873391021,27.0,11.599867499458794,2220.1483732869283,REMNUT,333.1678335162147,46.99999999999999,41.559076058524006,13846.14733335403
23345,139.52434064294778,P RoC,37.6715719735959,27.0,16.58648570087571,624.8389898695585,REMNUT,65.57644010218546,47.0,45.816382667767336,3004.475273711653
23346,93.9484624084608,P RoC,25.366084850284416,27.0,18.094294107021792,458.98139962471606,REMNUT,44.15577733197657,47.0,46.91658745521241,2071.6383888485643
23353,28916.693778451423,P RoC,7807.507320181885,27.0,5.130086336217387,40053.18662318232,REMNUT,13590.846075872169,47.0,33.26832059782823,452144.62444785103
23354,3845.867622693475,P RoC,1038.3842581272384,27.0,7.9961074431065375,8303.03209521587,REMNUT,1807.557782665933,47.0,37.54915224365266,67872.26237052234
23355,490.0042628063892,P RoC,132.3011509577251,27.0,12.581528484503725,1664.5506993072456,REMNUT,230.3020035190029,47.0,42.49010503623576,9785.55631957797
23356,1019.223423195685,P RoC,275.19032426283496,27.0,10.709226572114549,2947.0755329843714,REMNUT,479.03500890197193,47.0,40.66339473924819,19479.18966090016
23357,96.4408204043808,P RoC,26.039021509182817,27.0,17.99036508904767,468.451503511764,REMNUT,45.327185590058974,47.0,46.842939735376014,2123.258622969337
23358,153.8109509218996,P RoC,41.5289567489129,27.0,16.234547097251973,674.2038042399666,REMNUT,72.29114693329281,47.0,45.54917976426182,3292.802447029219
23362,1735.2802653062222,P RoC,468.52567163268,26.999999999999996,9.526120173114773,4463.23185216222,REMNUT,815.5817246939243,47.0,39.38561383966461,32122.18686348256
23384,2255.537818118659,P RoC,608.9952108920379,27.0,8.992125282907322,5476.16123303177,REMNUT,1060.1027745157696,47.0,38.77080241072284,41101.03520580997
23391,86.10819866769953,P RoC,23.249213640278874,27.0,18.44452957455429,428.82080857325474,REMNUT,40.47085337381878,47.0,47.16253341580953,1908.707974609056
23394,51.85321299080981,P RoC,14.00036750751865,27.0,20.62180739023237,288.7128821325172,REMNUT,24.371010105680607,47.0,48.619809833500334,1184.913876788506
23395,207.0303802019156,P RoC,55.89820265451721,27.0,15.207221667172757,850.0563585637879,REMNUT,97.30427869490032,47.0,44.744303421804695,4353.812170164466
23396,509.2179241039353,P RoC,137.48883950806254,27.0,12.4755173328424,1715.244400355221,REMNUT,239.3324243288496,47.00000000000001,42.39216288737936,10145.819116379984
23397,54.99898664903369,P RoC,14.849726395239095,26.999999999999996,20.35632343815378,302.28583346957646,REMNUT,25.84952372504583,46.99999999999999,48.44829689710886,1252.36540007988
23398,48.95819596663715,P RoC,13.21871291099203,27.0,20.88410098581892,276.06093533570595,REMNUT,23.01035210431946,47.0,48.78769181591807,1122.6219670412995
23399,156.63689671438237,P RoC,42.29196211288323,26.999999999999996,16.169652197738806,683.8463181252687,REMNUT,73.6193414557597,46.999999999999986,45.49945052753163,3349.6395844357967
23400,35.096876181105024,P RoC,9.476156568898356,26.999999999999996,22.470788496341253,212.9367100179298,REMNUT,16.49553180511936,46.99999999999999,49.77183908458484,821.012954619052
23401,38.503952736148,P RoC,10.396067238759962,27.0,22.017408722370003,228.8944615010186,REMNUT,18.09685778598956,47.0,49.49592868067447,895.7207823196477
23402,97.53618331846738,P RoC,26.334769495986198,27.000000000000007,17.945720828641868,472.596421461602,REMNUT,45.84200615967966,46.99999999999999,46.81120823165844,2145.919696097734
23403,32.589309840592755,P RoC,8.799113656960044,27.0,22.840249203427565,200.97394869425025,REMNUT,15.316975625078594,47.0,49.99370075796784,765.7522959172667
23404,141.28868966737318,P RoC,38.14794621019076,27.0,16.540694731464534,630.9935328950947,REMNUT,66.40568414366538,46.99999999999999,45.78185149792092,3040.1751700831305
23405,92.08018969598814,P RoC,24.8616512179168,27.0,18.1744304076148,451.8463498784205,REMNUT,43.27768915711442,47.0,46.97316504272222,2032.8900354447655
23406,17.92882775708077,P RoC,4.840783494411808,27.0,26.04929398517297,126.09899236450607,REMNUT,8.426549045827961,46.99999999999999,51.81872016830391,436.6529869902475
23407,22.419634653114446,P RoC,6.053301356340901,27.0,24.79928143031945,150.11752391843245,REMNUT,10.537228286963789,46.99999999999999,51.1283861161545,538.7514764499499
23408,41.10281440714427,P RoC,11.097759889928954,27.0,21.70329286194728,240.85793300269987,REMNUT,19.318322771357806,47.0,49.30233661727512,952.438452154654
23414,181.3436672372817,P RoC,48.96279015406607,27.000000000000007,15.656938558323812,766.6073970863146,REMNUT,85.2315236015224,47.0,45.101361516377565,3844.057758543928
23415,86.72793870983479,P RoC,23.416543451655397,27.0,18.415452241290087,431.226237590054,REMNUT,40.762131193622345,46.99999999999999,47.14224436141861,1921.6183494219488
23416,485.82649433654655,P RoC,131.1731534708676,27.000000000000007,12.605251381198132,1653.4705739647682,REMNUT,228.3384523381769,47.0,42.51194003311646,9707.110593055197
23417,689.3254607137911,P RoC,186.1178743927236,26.999999999999996,11.671428762874212,2172.261512472244,REMNUT,323.9829665354818,47.0,41.62884265227989,13487.035935924434
23418,404.7150516001559,P RoC,109.2730639320421,27.0,13.122135427205375,1433.8959434619278,REMNUT,190.21607425207327,47.0,42.980437787097685,8175.570145497189
23419,349.2605388202392,P RoC,94.3003454814646,27.0,13.554530516130916,1278.1969105102,REMNUT,164.15245324551242,47.0,43.36215175261087,7118.00358819527
23420,340.2257863479596,P RoC,91.8609623139491,27.0,13.632910518105284,1252.33227933311,REMNUT,159.90611958354103,47.0,43.43039332807729,6944.785669079749
23421,272.3687780271807,P RoC,73.5395700673388,27.0,14.31669467465714,1052.843571159645,REMNUT,128.01332567277493,47.0,44.01395112174377,5634.372259093383
23422,113.91982515980072,P RoC,30.758352793146194,27.0,17.343051983743006,533.4437114258413,REMNUT,53.54231782510633,46.99999999999999,46.37712661542038,2483.138853058036
23425,220.8618264534272,P RoC,59.63269314242534,26.999999999999996,14.99238854529498,894.0365055935882,REMNUT,103.80505843311076,46.999999999999986,44.57101832242938,4626.697161383032
23426,773.500479626919,P RoC,208.84512949926813,27.0,11.37931303830198,2376.5141050968878,REMNUT,363.5452254246519,47.0,41.34206456816072,15029.710182952504
23427,154.43757092944568,P RoC,41.698144150950334,27.0,16.220032583411104,676.3452567961875,REMNUT,72.58565833683947,47.0,45.53806979928827,3305.410775770287
23428,252.59023535906428,P RoC,68.19936354694735,26.999999999999996,14.55612348872321,992.7183576416938,REMNUT,118.7174106187602,46.99999999999999,44.2134905433857,5248.911111727792
23429,115.82421769068002,P RoC,31.272538776483607,27.0,17.279911399906524,540.3866993077779,REMNUT,54.437382314619605,47.0,46.331017025790096,2522.1392868580856
23430,53.17715370308389,P RoC,14.35783149983265,27.0,20.507742448497392,294.44671051749106,REMNUT,24.993262240449425,47.0,48.546317384412085,1213.3308411967
23431,32.031217909572604,P RoC,8.648428835584603,27.0,22.9272102995218,198.28434667389664,REMNUT,15.054672417499123,47.0,50.04554107445103,753.4192268323574
23432,550.5552004902106,P RoC,148.64990413235688,27.0,12.263125780043053,1822.912471566434,REMNUT,258.760944230399,47.0,42.19410157278845,10918.185563928102
23444,456.9351659042544,P RoC,123.37249479414868,26.999999999999996,12.776425466525849,1576.2594843567888,REMNUT,214.75952797499957,47.0,42.66861255083619,9163.49109076572
23445,234.4552349543114,P RoC,63.30291343766408,27.0,14.79667682526724,936.6727522349822,REMNUT,110.19396042852637,47.0,44.41157755318519,4893.887619464118
23446,64.06605685357194,P RoC,17.297835350464425,27.0,19.684265545226165,340.495184396142,REMNUT,30.11104672117881,47.0,48.00672907870358,1445.5328622198167
23447,39.95494649387005,P RoC,10.787835553344916,27.000000000000007,21.83895494058182,235.5950545559062,REMNUT,18.778824852118923,47.0,49.386194554947686,927.4146976600318
23448,92.99812192316485,P RoC,25.109492919254507,26.999999999999996,18.13481187884092,455.35593046376863,REMNUT,43.70911730388747,46.99999999999999,46.94521641513975,2051.933971145727
23449,363.1477490019225,P RoC,98.04989223051908,27.0,13.438754972412664,1317.668476757414,REMNUT,170.67944203090354,46.99999999999999,43.26082474469363,7383.733429221013
23450,239.4603645277321,P RoC,64.65429842248767,27.0,14.728074534683836,952.23332615409,REMNUT,112.54637132803408,47.0,44.35532623130284,4992.0310164043
23456,85.93303112730634,P RoC,23.201918404372712,27.0,18.452794497098168,428.1402322543295,REMNUT,40.38852462983397,46.999999999999986,47.1682961176113,1905.057889493446
23457,20.673843430126027,P RoC,5.581937726134028,27.000000000000007,25.24554234254296,140.91904521855457,REMNUT,9.716706412159231,46.99999999999999,51.37768394323272,499.22187101309976
23458,29.045222395428294,P RoC,7.84221004676564,27.0,23.42615101641793,183.71279685800172,REMNUT,13.651254525851297,47.0,50.34024371559846,687.2074798550208
23459,18.77506350260816,P RoC,5.069267145704203,27.0,25.78632563841077,130.71777336722567,REMNUT,8.824279846225835,47.0,51.6755266340906,455.99930822031206
23460,64.68208533541981,P RoC,17.46416304056335,27.0,19.642867680109035,343.0462437496365,REMNUT,30.40058010764731,47.0,47.97917272038439,1458.5946837846925
23461,196.7986947998795,P RoC,53.13564759596747,27.0,15.377739050415489,817.1061230056248,REMNUT,92.49538655594336,46.99999999999999,44.88058026728466,4151.246620677539
23462,807.8745973364481,P RoC,218.126141280841,27.0,11.270980656695,2458.4955190958794,REMNUT,379.7010607481306,47.0,41.23435057825664,15656.726653824338
23463,29.27923174525588,P RoC,7.905392571219089,27.0,23.384831504563227,184.86627325538424,REMNUT,13.761238920270264,47.0,50.31601240679053,692.4106682451273
23465,192.52904258145853,P RoC,51.98284149699381,27.0,15.452124502674636,803.2453388143498,REMNUT,90.48865001328552,47.00000000000001,44.9396847045474,4066.531400937189
23466,62.18900313261448,P RoC,16.79103084580591,27.0,19.81346276273489,332.6884644113083,REMNUT,29.2288314723288,46.99999999999999,48.0924586718268,1405.6863696087632
23467,31.0118967184474,P RoC,8.373212113980797,26.999999999999996,23.090914948083736,193.345128766195,REMNUT,14.575591457670276,47.0,50.142743991479215,730.860150986352
23468,60.66228449244336,P RoC,16.37881681295971,27.0,19.92210599716444,326.3005246559224,REMNUT,28.51127371144838,47.0,48.16423541787345,1373.2236991016262
23469,377.4788074784625,P RoC,101.91927801918489,27.0,13.32480946431017,1358.0549603456943,REMNUT,177.41503951487738,47.0,43.160477590378896,7657.317837178051
23470,265.3322028774327,P RoC,71.63969477690682,27.0,14.39937301383632,1031.566687690063,REMNUT,124.70613535239336,47.0,44.08312752269875,5497.436467602487
23471,76.20693265710277,P RoC,20.57587181741775,27.0,18.946918545406536,389.84936732534,REMNUT,35.8172583488383,47.0,47.50946361936855,1701.6587324696577
23472,112.55985515498064,P RoC,30.391160891844773,27.0,17.388935571730602,528.4699386983875,REMNUT,52.9031319228409,47.0,46.41055742339472,2455.263841982434
23473,168.37447980863584,P RoC,45.46110954833168,27.0,15.914631799664154,723.496819665895,REMNUT,79.13600551005884,47.0,45.30260964430564,3585.067566431816
23474,1298.8098280939505,P RoC,350.6786535853666,26.999999999999996,10.153069274933348,3560.4646630925804,REMNUT,610.4406192041566,46.99999999999999,40.076248622416735,24464.1700244478
23475,147.90250904780012,P RoC,39.93367744290604,27.0,16.37505452847367,653.9161456500653,REMNUT,69.51417925246605,47.0,45.656357867210495,3173.764244796009
23476,561.043074077938,P RoC,151.48163000104324,27.0,12.212320932620203,1849.942280969169,REMNUT,263.6902448166308,47.0,42.14635528400308,11113.582742967474
23482,191.4105955729015,P RoC,51.68086080468341,27.0,15.471943100507888,799.60333775533,REMNUT,89.9629799192637,47.0,44.95539704450751,4044.321481577556
23483,217.2860549570288,P RoC,58.66723483839778,27.0,15.046322490735188,882.7261350182275,REMNUT,102.12444582980352,46.99999999999999,44.61469053230269,4556.250546479595
23484,181.04312137986287,P RoC,48.88164277256299,27.000000000000007,15.662653045412258,765.6162110364378,REMNUT,85.09026704853557,47.00000000000001,45.10585032406146,3838.068849525665
23485,1364.1685489749354,P RoC,368.3255082232326,27.0,10.04399312598113,3699.4588727176542,REMNUT,641.1592180182196,46.99999999999999,39.95836542096782,25619.674326593995
23486,155.08351820824444,P RoC,41.872549916226,27.0,16.205145402104193,678.5507597493081,REMNUT,72.88925355787488,47.0,45.52666706659058,3318.4047794616727
23487,104.82849402460334,P RoC,28.303693386642905,27.0,17.663302948368667,499.9367108460124,REMNUT,49.26939219156357,47.0,46.60913416823928,2296.4037110441877
23488,141.23799518539892,P RoC,38.13425870005771,27.0,16.542000676165937,630.8169332014413,REMNUT,66.38185773713748,46.99999999999999,45.7828372790375,3039.1497910595817
23489,114.6975328288022,P RoC,30.9683338637766,27.000000000000007,17.31711245547286,536.2821200776476,REMNUT,53.90784042953703,47.0,46.35819859050574,2499.070372217772
23490,39.288585633490605,P RoC,10.607918121042465,27.0,21.91991002424161,232.5246107577729,REMNUT,18.465635247740583,47.0,49.4360556536662,912.8681717876036
23491,92.50475598252254,P RoC,24.97628411528109,27.0,18.156046250087687,453.4705695523738,REMNUT,43.47723531178559,47.0,46.96020157685187,2041.6997342456737
23492,323.5466680974049,P RoC,87.35760038629932,27.0,13.78450734044552,1204.1814837686495,REMNUT,152.0669340057803,47.0,43.56157566826524,6624.275252333894
23493,906.1851388670724,P RoC,244.66998749410956,27.0,10.98979643831666,2688.8733571257467,REMNUT,425.907015267524,47.0,40.95121391216095,17441.409288910374
23494,102.8102199610033,P RoC,27.75875938947089,26.999999999999996,17.739010490779002,492.4129240208343,REMNUT,48.320803381671546,47.0,46.66353318933108,2254.819412335772
23495,119.21712694852842,P RoC,32.18862427610267,27.0,17.170497185063923,552.6946825239012,REMNUT,56.03204966580835,47.0,46.25082427587122,2591.528482910191
23496,62.63606509552493,P RoC,16.911737575791733,27.0,19.78226390641473,334.5524558403426,REMNUT,29.438950594896717,47.0,48.07179380222532,1415.1831627517734
23497,61.31361805995187,P RoC,16.554676876187006,27.0,19.875352793955663,329.0300433041566,REMNUT,28.817400488177377,47.0,48.13338220988646,1387.0789519928103
23498,111.46725327964444,P RoC,30.096158385504,27.0,17.426291243836847,524.4644213464353,REMNUT,52.38960904143288,46.99999999999999,46.43772744196773,2432.8543854573086
23499,602.715567726268,P RoC,162.73320328609236,27.0,12.021333453237157,1956.2701006155448,REMNUT,283.2763168313459,47.0,41.9655627814412,11887.850058481275
23502,279.3148273162604,P RoC,75.41500337539031,27.0,14.237597003941543,1073.7284261096986,REMNUT,131.27796883864238,47.0,43.94749816988817,5769.338295282872
23503,94.13920039688892,P RoC,25.41758410716001,27.0,18.086222231216304,459.7080747427276,REMNUT,44.24542418653779,47.0,46.91087847846489,2075.5917172428053
23504,108.61609603496558,P RoC,29.32634592944071,27.0,17.525913037183116,513.9709884577269,REMNUT,51.04956513643382,47.0,46.509979150614605,2374.314210143479
23505,95.1271996402229,P RoC,25.684343902860185,27.0,18.044727886815352,463.466996678497,REMNUT,44.70978383090476,47.0,46.88150158772549,2096.061801655425
23512,1249.2826770930126,P RoC,337.30632281511345,27.0,10.240284346073684,3454.112657355283,REMNUT,587.1628582337158,46.99999999999999,40.16984473442098,23586.24084906721
23518,80.7110468546547,P RoC,21.79198265075677,27.0,18.70906648532419,407.7076522600397,REMNUT,37.93419202168771,47.0,47.34605707990875,1796.0344207390451
23519,285.5674485126208,P RoC,77.1032110984076,26.999999999999996,14.168421219677391,1092.4307722319436,REMNUT,134.21670080093173,46.999999999999986,43.889160523818646,5890.658326429431
23520,35.11045506020528,P RoC,9.479822866255429,27.000000000000007,22.46887629344568,213.00096726567085,REMNUT,16.50191387829648,47.0,49.77068392667338,821.311539821879
23525,727.3015118934519,P RoC,196.371408211232,26.999999999999996,11.534537521072847,2265.0533760783683,REMNUT,341.83171058992235,46.99999999999999,41.49511062498826,14184.3446460578
23527,313.9043060483195,P RoC,84.75416263304626,27.0,13.876564985626148,1176.096645579794,REMNUT,147.53502384271016,47.0,43.64072529071501,6438.535446278804
23533,1036.7913243462813,P RoC,279.933657573496,27.000000000000007,10.66903834507245,2986.622926728009,REMNUT,487.2919224427522,47.0,40.62172061692762,19794.63633235504
23534,865.1873344583032,P RoC,233.60058030374188,27.0,11.102304649718544,2593.504808883184,REMNUT,406.63804719540246,47.0,41.06512857831367,16698.643692913585
23550,1293.409960505085,P RoC,349.2206893363731,27.000000000000007,10.162379517333468,3548.9131803410323,REMNUT,607.9026814373901,47.00000000000001,40.08626785613318,24368.549718560826
23558,1015.249337912346,P RoC,274.1173212363334,26.999999999999996,10.71843495326572,2938.108677235083,REMNUT,477.1671888188026,46.99999999999999,40.67292756457643,19407.78650701972
23559,90.30045127524912,P RoC,24.381121844317263,27.0,18.252635932376503,445.01974064723504,REMNUT,42.441212099367085,47.0,47.028204812355696,1995.934015093664
23560,49.13653191215373,P RoC,13.266863616281508,27.0,20.86740206241316,276.84497718814686,REMNUT,23.09416999871225,47.0,48.77704945835591,1126.4654722268667
23561,77.94910284566446,P RoC,21.046257768329404,27.0,18.852933140405582,396.783690562056,REMNUT,36.63607833746229,46.99999999999999,47.44507406150701,1738.201450044071
23562,185.83782359016013,P RoC,50.17621236934324,27.0,15.572841724572791,781.3862135663338,REMNUT,87.34377708737526,47.0,45.03516409519672,3933.541333824228
23571,34.17849132462499,P RoC,9.228192657648748,27.0,22.602253342389048,208.57794834055147,REMNUT,16.063890922573744,46.99999999999999,49.85108589056145,800.8024061178342
23574,160.08289938951268,P RoC,43.222382835168425,27.0,16.092424744483548,695.5529430522054,REMNUT,75.23896271307095,46.99999999999999,45.440081294012806,3418.864582159142
23575,210.33276359909564,P RoC,56.78984617175583,27.000000000000007,15.154368718738844,860.6142683672474,REMNUT,98.85639889157494,47.0,44.70183801498056,4419.062729995487
23576,38.62874263507927,P RoC,10.429760511471404,27.0,22.00174100906535,229.4728895599708,REMNUT,18.155509038487256,47.0,49.48632030731791,898.4493356209858
23578,117.96515429548565,P RoC,31.850591659781124,27.0,17.210423260173584,548.1621635517878,REMNUT,55.44362251887824,46.99999999999999,46.28013016566841,2565.938067029869
23580,242.83335809623347,P RoC,65.56500668598304,27.0,14.682822137738578,962.6793316299296,REMNUT,114.13167830522973,47.0,44.31811656460022,5058.101022844625
23582,2676.7111953951994,P RoC,722.7120227567038,27.0,8.659743741686734,6258.500916109127,REMNUT,1258.0542618357435,46.99999999999999,38.37458618302884,48277.31169374247
23584,152.46048613244972,P RoC,41.16433125576143,27.000000000000007,16.26607490698612,669.5820957022054,REMNUT,71.65642848225136,46.99999999999999,45.57328749289612,3265.619015935791
23596,363.1521847690952,P RoC,98.05108988765572,27.000000000000007,13.43871885938783,1317.6810308567703,REMNUT,170.68152684147475,47.0,43.26079303963069,7383.818208377209
23597,29.368852347317507,P RoC,7.929590133775727,27.0,23.3691135766448,185.30749245244695,REMNUT,13.803360603239229,47.0,50.306786649837576,694.4027169179291
23602,0.199156893470289,REMNUT,0.0936037399310358,46.99999999999998,67.88097561569649,6.35391318779664,REMNUT,0.0936037399310358,46.99999999999998,67.88097561569649,6.35391318779664
23603,443.1717950999654,P RoC,119.65638467699064,26.999999999999996,12.862681299625777,1539.1019415655558,REMNUT,208.29074369698367,46.999999999999986,42.7469830915605,8903.800898943526
23604,27.62306112432909,P RoC,7.458226503568855,27.0,23.686319168404054,176.65793339378214,REMNUT,12.982838728434672,47.0,50.49210630526369,655.5308732202179
23605,204.53770536548325,P RoC,55.22518044868048,27.0,15.24780153307824,842.0625911099128,REMNUT,96.13272152177711,46.99999999999999,44.77683507075027,4304.519016482979
23606,3661.4134868836295,P RoC,988.58164145858,27.0,8.083038419749185,7990.743388968416,REMNUT,1720.8643388353055,46.99999999999999,37.66004802899359,64807.83365191992
23607,358.5962897792411,P RoC,96.8209982403951,27.0,13.47609611402113,1304.7690781430351,REMNUT,168.5402561962433,46.99999999999999,43.29357491674559,7296.710208119554
23608,386.7726449639748,P RoC,104.4286141402732,27.0,13.253699172024302,1384.0654367665843,REMNUT,181.78314313306817,47.0,43.097536995708765,7834.405736373627
23609,1485.737583046557,P RoC,401.1491474225704,27.0,9.85712150406947,3954.175887398153,REMNUT,698.2966640318817,47.0,39.75422300494924,27760.241305535543
23610,26.061354239009688,P RoC,7.036565644532616,27.0,23.99153517166095,168.81801214850535,REMNUT,12.248836492334553,47.0,50.66872515408617,620.6329296874403
23612,236.37121479535628,P RoC,63.8202279947462,27.0,14.77020641994053,942.6379412500686,REMNUT,111.09447095381744,46.99999999999999,44.38989532597053,4931.47193693403
23628,99.19461708591088,P RoC,26.78254661319594,27.0,17.879278562655436,478.8526115146341,REMNUT,46.62147003037811,47.0,46.76387703270801,2180.200691584684
23629,694.5863711065302,P RoC,187.5383201987632,27.0,11.651922767721585,2185.182022944229,REMNUT,326.4555944200692,47.0,41.6098567560427,13583.770521027853
23630,720.3138207084648,P RoC,194.4847315912855,27.0,11.55906190171219,2248.0610514015493,REMNUT,338.54749573297846,47.0,41.51915358108273,14056.205469828485
23631,393.8925039055377,P RoC,106.35097605449518,27.0,13.200618391506044,1403.898650459588,REMNUT,185.1294768356027,47.0,43.050394268859286,7969.896968560349
23632,183.74622357941877,P RoC,49.61148036644306,26.999999999999996,15.611668510312118,774.517985786767,REMNUT,86.36072508232681,46.99999999999999,45.06575910027556,3891.911632285265
23633,33.892565393704125,P RoC,9.150992656300112,26.999999999999996,22.644065195040582,207.21567430859736,REMNUT,15.929505735040935,46.99999999999999,49.87621973554961,794.5035283195995
23634,178.19789357905788,P RoC,48.11343126634563,27.0,15.71733136697039,756.214742415108,REMNUT,83.7530099821572,47.0,45.14874078668282,3781.342937788874
23635,340.94754903506805,P RoC,92.0558382394684,27.000000000000007,13.62655608259455,1254.404042500368,REMNUT,160.24534804648198,47.0,43.42487148133682,6958.633644400568
23636,555.8274266155331,P RoC,150.07340518619395,27.0,12.237440127353535,1836.5143106741164,REMNUT,261.2388905093006,47.0,42.169980268273626,11016.4388580829
23639,458.3980638126543,P RoC,123.76747722941668,27.000000000000007,12.767444056784036,1580.1943415758692,REMNUT,215.4470899919475,47.0,42.66043010231121,9191.06552334783
23640,452.4283359308824,P RoC,122.15565070133825,27.0,12.80431703035782,1564.1196786295866,REMNUT,212.6413178875147,47.0,42.69399632104557,9078.507643591834
23642,1062.4205533893908,P RoC,286.85354941513555,27.0,10.611875641649892,3044.0541937592907,REMNUT,499.33766009301365,47.0,40.562247281761564,20254.257645789025
23643,138.34705182495634,P RoC,37.35370399273821,27.0,16.617435205777216,620.7227557951089,REMNUT,65.02311435772947,46.99999999999999,45.83968257707307,2980.638922331041
23644,91.50308733422764,P RoC,24.705833580241464,27.0,18.199586028130337,449.6359436402759,REMNUT,43.00645104708699,47.0,46.99088791674643,2020.911320850707
23645,81.53347429882632,P RoC,22.01403806068311,27.0,18.66738417022916,410.9445056168181,REMNUT,38.32073292044837,47.0,47.317265582335686,1813.23229690661
23646,156.29289844384274,P RoC,42.19908257983754,26.999999999999996,16.17747510007234,682.6746076812183,REMNUT,73.45766226860609,47.0,45.50545293620947,3342.7241931680246
23647,1549.096180299006,P RoC,418.25596868073166,27.0,9.76697620614246,4085.096094181773,REMNUT,728.0752047405327,47.0,39.6547387628379,28871.632043685546
23672,407.7841498543937,P RoC,110.10172046068632,27.000000000000007,13.100343971205922,1442.3704098565515,REMNUT,191.65855043156503,47.0,42.960959822598696,8233.835284747971
23677,1705.6140355066093,P RoC,460.5157895867845,26.999999999999996,9.562327340842277,4403.602725655279,REMNUT,801.6385966881063,47.0,39.4263842737705,31605.71136171141
23678,115.82783872510674,P RoC,31.27351645577882,27.0,17.279792552642476,540.3998767475088,REMNUT,54.43908420080017,47.0,46.33093011990912,2522.213405899121
23679,40.51937523513699,P RoC,10.940231313486988,27.0,21.771661384723277,238.18701162778504,REMNUT,19.044106360514384,47.0,49.34464532557606,939.7246739021294
23688,96.140274546962,P RoC,25.957874127679737,26.999999999999996,18.00272283373061,467.312413273485,REMNUT,45.185929037072135,46.99999999999999,46.85171304592607,2117.038180958482
23691,199.25452561101983,P RoC,53.79872191497537,27.000000000000007,15.335840084812125,825.0485960553397,REMNUT,93.64962703717931,47.0,44.84719701834674,4199.923274431073
23692,610.8023786485593,P RoC,164.91664223511103,27.0,11.986136402325918,1976.7133688436245,REMNUT,287.07711796482283,47.0,41.93201697981866,12037.722585018357
23693,1009.61496308142,P RoC,272.5960400319834,27.0,10.731566046226185,2925.3824075429466,REMNUT,474.5190326482674,47.0,40.68651101562482,19306.52384896737
23695,147.73277305904708,P RoC,39.88784872594271,27.0,16.379191742685876,653.3307224854642,REMNUT,69.43440333775212,46.99999999999999,45.65950355190956,3170.340385824813
23696,139.74318691111338,P RoC,37.73066046600061,26.999999999999996,16.580767610985998,625.6033129957729,REMNUT,65.67929784822329,47.0,45.81207442251787,3008.904881041523
23709,112.14271198902104,P RoC,30.278532237035687,27.000000000000007,17.40314513259127,526.9416909229755,REMNUT,52.70707463483989,47.0,46.42089750588517,2446.7097094589426
23710,123.11937996142704,P RoC,33.242232589585306,27.0,17.049261094587013,566.7555027868293,REMNUT,57.86610858187071,47.0,46.161531714776274,2671.188206512712
23711,190.85404258151272,P RoC,51.53059149700844,27.0,15.481857795398389,797.78928966945,REMNUT,89.70140001331097,47.0,44.9632519999513,4033.2666535469366
23712,74.33386207401469,P RoC,20.07014275998397,27.000000000000007,19.050935231808403,382.35498981360286,REMNUT,34.936915174786904,47.0,47.58045538842971,1662.3143338833013
23713,49.05809125388463,P RoC,13.245684638548852,27.0,20.874737921841355,276.5001954250672,REMNUT,23.057302889325776,47.0,48.781725422821246,1124.775018537913
23715,176.49464951058354,P RoC,47.65355536785756,27.0,15.750575770436235,750.570934552119,REMNUT,82.95248526997426,47.0,45.17476515460511,3747.359041061927
23716,730.512464171357,P RoC,197.2383653262664,27.0,11.52336439039952,2272.8495554213096,REMNUT,343.3408581605378,47.0,41.484144499188105,14243.201772406996
23717,41.32369750717496,P RoC,11.15739832693724,27.0,21.677717670028493,241.8669308633937,REMNUT,19.42213782837223,46.99999999999999,49.28648492880867,957.2489033633126
23718,736.2128776176407,P RoC,198.77747695676305,27.000000000000007,11.503675536524796,2286.6715988796363,REMNUT,346.0200524802912,47.00000000000001,41.46480158693296,14347.652821195405
23719,122.98752904536364,P RoC,33.20663284224818,27.0,17.053280564795262,566.282026471003,REMNUT,57.80413865132091,47.0,46.164499515965744,2668.499130789721
23720,331.49307340979976,P RoC,89.50312982064594,27.0,13.71112193767864,1227.1883267747578,REMNUT,155.80174450260589,47.0,43.49820429654979,6777.096112133204
23741,521.7788399009671,P RoC,140.88028677326113,27.0,12.40881620984721,1748.1575861599665,REMNUT,245.2360547534545,46.99999999999999,42.330228069080825,10380.898128475324
23743,625.8098010930826,P RoC,168.96864629513232,27.0,11.92230024475199,2014.4949330798684,REMNUT,294.1306065137488,46.99999999999999,41.87099241393845,12315.54039404429
23744,161.4334094418929,P RoC,43.587020549311084,27.0,16.062710119012852,700.1256760350403,REMNUT,75.87370243768966,47.0,45.41718272916561,3445.9698079508894
23745,30.22115332550968,P RoC,8.159711397887614,27.0,23.22249865817003,189.4888869884998,REMNUT,14.20394206298955,47.0,50.22051177611249,713.3292396415861
23746,302.40163756250024,P RoC,81.64844214187507,27.0,13.991003443868788,1142.3436351934956,REMNUT,142.1287696543751,47.0,43.73858690446413,6216.511543152449
23752,53.59099267512908,P RoC,14.469568022284852,27.0,20.4727968804925,296.2325270687073,REMNUT,25.187766557310667,47.0,48.52374235119123,1222.2046948288937
23753,96.50690428266866,P RoC,26.05686415632054,27.0,17.987654174625415,468.7018613190865,REMNUT,45.35824501285427,47.0,46.84101455094054,2124.626214652233
23756,263.1337823511027,P RoC,71.04612123479774,27.0,14.42575393917152,1024.893863265741,REMNUT,123.67287770501828,47.0,44.10513946096141,5454.609518718256
23757,495.46844901925897,P RoC,133.77648123519992,27.0,12.550870630465086,1679.0113093818345,REMNUT,232.8701710390517,47.0,42.46184257932284,9888.0965440802
23761,389.8237285719397,P RoC,105.25240671442371,27.0,13.230807608996594,1392.5743436224016,REMNUT,183.21715242881163,47.0,43.07722314246632,7892.486158703183
23762,730.9976827845392,P RoC,197.3693743518256,27.0,11.521681189770566,2274.0270079062143,REMNUT,343.5689109087334,47.0,41.482491813118045,14252.094534013417
23763,1009.6622628436191,P RoC,272.6088109677772,27.0,10.73145544076998,2925.489307661988,REMNUT,474.541263536501,47.0,40.68639665037174,19307.374075214662
23764,94.24466302456752,P RoC,25.44605901663323,27.0,18.081767700215043,460.1097280247245,REMNUT,44.29499162154673,47.0,46.90772713921836,2077.7773806174773
23765,553.88596374471,P RoC,149.5492102110717,27.0,12.246863993971258,1831.508837860813,REMNUT,260.3264029600137,47.0,42.1788344603503,10980.264256108863
23766,897.8142125310734,P RoC,242.40983738338983,27.0,11.012257279175056,2669.479496268876,REMNUT,421.9726798896045,47.0,40.97402306764074,17289.918319710836
23767,217.7781987985521,P RoC,58.80011367560907,27.0,15.03883538778044,884.2852303502623,REMNUT,102.35575343531949,47.0,44.60863477455844,4565.950422070922
23768,67.17199913310176,P RoC,18.13643976593748,27.000000000000007,19.480314038247062,353.3035421762142,REMNUT,31.570839592557828,47.0,47.87055909204604,1511.3137423010462
23769,48.39059882024682,P RoC,13.065461681466642,27.0,20.93774733979207,273.5613355642834,REMNUT,22.743581445516003,46.99999999999999,48.8218392444368,1110.3834771757377
23770,532.1241352581419,P RoC,143.67351651969832,27.0,12.355334945568378,1775.1344194085243,REMNUT,250.0983435713267,47.0,42.28039331744745,10574.256334237796
23772,1092.574717578006,P RoC,294.9951737460616,27.0,10.546737131707548,3111.2365526221074,REMNUT,513.5101172616628,47.0,40.49419103643204,20794.17678753439
23773,369.667783590697,P RoC,99.81030156948822,27.000000000000007,13.386246597676807,1336.0853097976578,REMNUT,173.7438582876276,47.0,43.214659950068175,7508.281754312661
23774,826.858232422036,P RoC,223.2517227539497,26.999999999999996,11.213534974928738,2503.4410013145093,REMNUT,388.6233692383569,46.99999999999999,41.1769270407722,16002.316121466898
23775,341.87227070179483,P RoC,92.3055130894846,27.0,13.618438726878535,1257.0569741622307,REMNUT,160.67996722984356,47.0,43.41781497591384,6976.373087521246
23776,285.8258998448288,P RoC,77.17299295810379,27.0,14.165601703799428,1093.2018805346163,REMNUT,134.33817292706954,47.0,43.88677836694382,5895.669621470473
23777,462.8039574513811,P RoC,124.9570685118729,27.0,12.740604076872234,1592.028536516371,REMNUT,217.51786000214912,47.0,42.63595275832747,9274.081203144118
23778,189.25517483038897,P RoC,51.098897204205024,27.0,15.510538143076207,792.5713941549523,REMNUT,88.9499321702828,47.0,44.98595353769964,4001.4975157938766
23779,142.4953993900818,P RoC,38.47375783532208,27.0,16.509776289943186,635.1931348946164,REMNUT,66.97283771333844,47.0,45.75849642718223,3064.5763552240523
23780,211.1597173363007,P RoC,57.01312368080119,27.0,15.14129211318307,863.252359936046,REMNUT,99.24506714806132,47.0,44.69131482422265,4435.392540665125
23784,131.748621840843,P RoC,35.572127897027606,27.0,16.797058554900964,597.5071152087988,REMNUT,61.9218522651962,47.0,45.97429003556663,2846.813195579639
23785,415.6092052505627,P RoC,112.21448541765191,26.999999999999996,13.045677530297128,1463.9139909869164,REMNUT,195.33632646776445,47.0,42.91199313365967,8382.271100139013
23786,67.86637774735807,P RoC,18.32392199178668,27.0,19.436288935861757,356.1490422705573,REMNUT,31.897197541258294,47.0,47.84102941371832,1525.9947657865216
23787,187.8578629080432,P RoC,50.72162298517167,27.000000000000007,15.535846119307692,788.0033296191672,REMNUT,88.29319556678031,47.00000000000001,45.0059603794228,3973.720061451143
23788,627.7466018820811,P RoC,169.4915825081619,27.0,11.914197977992512,2019.3562696054933,REMNUT,295.0409028845781,47.0,41.86323002033853,12351.365182865457
23789,105.9003202149162,P RoC,28.59308645802737,26.99999999999999,17.623816970336854,503.9193223532917,REMNUT,49.773150501010605,46.999999999999986,46.5806945385605,2318.4679197093747
23790,81.32933848301927,P RoC,21.95892139041521,27.000000000000007,18.677682182624636,410.141754803413,REMNUT,38.224789087019055,47.0,47.3243831409444,1808.96456423588
23791,83.58569556017697,P RoC,22.568137801247783,27.0,18.56557235713276,418.9903953148087,REMNUT,39.28527691328318,47.0,47.246743342862665,1856.1013954751784
23792,759.2965194587572,P RoC,205.01006025386445,27.0,11.42580647694118,2342.405274286706,REMNUT,356.86936414561586,47.0,41.38806396537426,14770.132070541187
23793,143.37494865233512,P RoC,38.71123613613049,27.0,16.4874409606731,638.2492203091265,REMNUT,67.3862258665975,47.0,45.741605042609685,3082.3541289019918
23794,161.87517564195429,P RoC,43.70629742332766,27.0,16.053055915024657,701.619636375377,REMNUT,76.0813325517185,46.99999999999999,45.40973641508687,3454.833257282105
23798,14.739918526248433,P RoC,3.979778002087077,27.0,27.19621436706386,108.23489567808528,REMNUT,6.927761707336763,47.0,52.43123544575458,363.23110518945657
23803,76.70106806756075,P RoC,20.709288378241403,27.0,18.9199970104562,391.8196742050027,REMNUT,36.04950199175355,47.0,47.49104341487748,1712.0284641750802
23807,116.99068866832158,P RoC,31.58748594044683,27.0,17.241858973650547,544.6269779173537,REMNUT,54.98562367411114,47.0,46.303169326722255,2546.008643517796
23814,7.941154812476105,P RoC,2.1441117993685483,27.0,31.160395997395312,66.81137273101177,REMNUT,3.732342761863769,47.0,54.41351438275536,203.08988655404707
23828,881.7481354089645,P RoC,238.0719965604204,26.999999999999996,11.056090195045028,2632.145466886458,REMNUT,414.42162364221326,47.0,41.01843846700171,16998.927868763065
23830,2143.409318689762,P RoC,578.7205160462358,27.0,9.09356653585157,5262.633518328802,REMNUT,1007.4023797841882,47.0,38.88960117052722,39177.47676804708
23843,121.09237015227252,P RoC,32.69493994111358,27.0,17.111641875613905,559.4641034170407,REMNUT,56.91341397156808,47.0,46.20753374852348,2629.82849683492
23846,32.570254146922075,P RoC,8.793968619668961,27.0,22.84318839613964,200.88228192883813,REMNUT,15.308019449053374,47.0,49.99545524740708,765.3314012915852
23872,433.0886173723556,P RoC,116.93392669053604,27.000000000000007,12.92797443706308,1511.718815080658,REMNUT,203.55165016500712,47.0,42.80605350499996,8713.242827994329
23874,96.1452082063684,P RoC,25.959206215719476,27.000000000000007,18.002519592840535,467.3311185130776,REMNUT,45.18824785699315,47.0,46.85156879164185,2117.140303045677
23876,310.1732827008749,P RoC,83.74678632923624,27.000000000000007,13.913116093678378,1165.1787606711412,REMNUT,145.78144286941122,47.00000000000001,43.672045420700094,6366.573794488123
23877,41.364434144475695,P RoC,11.16839721900844,27.000000000000007,21.673019148783645,242.0528867887919,REMNUT,19.441284047903576,47.0,49.2835712727337,958.1359080083166
23897,151.03334593901377,P RoC,40.77900340353372,27.0,16.2997651994849,664.6881805465952,REMNUT,70.98567259133647,47.0,45.59901123299909,3236.876481874347
23898,36.171870776541255,P RoC,9.76640510966614,27.0,22.322136547458705,218.007028435766,REMNUT,17.000779264974387,46.99999999999999,49.68182467941793,844.6297348559411
23911,997.5605847377576,P RoC,269.34135787919456,27.0,10.759961865432576,2898.102739563961,REMNUT,468.8534748267461,47.0,40.71584377245552,19089.76483321869
23929,523.7776509045235,P RoC,141.41996574422134,27.0,12.398382826983193,1753.378874675705,REMNUT,246.17549592512603,47.0,42.32051834701799,10418.274591885547
23949,99.86994000649648,P RoC,26.964883801754056,27.000000000000007,17.852610111928772,481.3935572261788,REMNUT,46.93887180305335,47.00000000000001,46.74484336107925,2194.150209979508
23964,92.06525292897788,P RoC,24.857618290824032,27.0,18.175079067241768,451.789177859042,REMNUT,43.2706688766196,47.0,46.97362226650895,2032.580055029514
23973,83.61466383559083,P RoC,22.575959235609528,27.0,18.56415711775413,419.1036543338677,REMNUT,39.29889200272769,47.0,47.24576106569671,1856.7060617074917
23974,147.7210046971602,P RoC,39.884671268233255,27.0,16.379478804494568,653.29012766226,REMNUT,69.4288722076653,47.0,45.65972179471556,3170.102989522856
23975,1465.6987785290191,P RoC,395.7386702028352,27.0,9.88661299432245,3912.5150791832366,REMNUT,688.878425908639,47.0,39.78662610097263,27408.1483606536
23976,863.4913324586823,P RoC,233.14265976384425,27.0,11.107098360030358,2589.53845391611,REMNUT,405.8409262555807,47.0,41.0699635309624,16667.8720406887
23985,42.0743379438366,P RoC,11.360071244835884,27.0,21.59203472468212,245.2870527933593,REMNUT,19.7749388336032,46.99999999999999,49.23327870546816,973.5850749783718
23986,110.02282264682084,P RoC,29.70616211464163,27.0,17.476367224769355,519.1557979540081,REMNUT,51.7107266440058,47.00000000000001,46.474082992520245,2403.2086016570534
24041,184.51840917091943,P RoC,49.81997047614826,27.000000000000007,15.597271775991608,777.0556193883624,REMNUT,86.72365231033214,47.00000000000001,45.05442112207681,3907.283952434274
24065,104.9826595653215,P RoC,28.345318082636805,27.0,17.657593249441423,500.5100972292376,REMNUT,49.341849995701104,47.0,46.60502464016329,2299.578134840891
24066,59.56194265602002,P RoC,16.08172451712541,27.0,20.002497558772944,321.67465539466,REMNUT,27.99411304832941,47.0,48.21716423572466,1349.7967464847418
24072,92.67720774709566,P RoC,25.02284609171583,27.0,18.1486082861883,454.1298319241285,REMNUT,43.55828764113496,47.0,46.95495403374,2045.2773939779167
24080,145.70942954724958,P RoC,39.34154597775739,27.0,16.42896064374138,646.3407105325182,REMNUT,68.4834318872073,47.0,45.69729957010647,3129.507902538694
24081,231.18222719891824,P RoC,62.41920134370793,27.0,14.842511580405253,926.457718783632,REMNUT,108.65564678349156,47.0,44.449054732553385,4829.640790880405
24082,173.98617791146455,P RoC,46.97626803609543,27.0,15.800256215355622,742.2370710115285,REMNUT,81.77350361838833,47.0,45.21358162172413,3697.2729803443535
24083,229.57086687902225,P RoC,61.984134057336014,27.0,14.865368643888608,921.4170028345106,REMNUT,107.89830743314045,47.0,44.46771256050352,4797.99092070173
24085,308.7837107396164,P RoC,83.37160189969643,26.999999999999996,13.926866416719228,1161.105162604967,REMNUT,145.1283440476197,46.99999999999999,43.68381238885641,6339.759353681625
24109,472.6658447125872,P RoC,127.61977807239856,27.0,12.681640727014097,1618.4281751754295,REMNUT,222.15294701491595,46.99999999999999,42.58204777909734,9459.72740405643
24110,79.88590363466301,P RoC,21.56919398135901,26.999999999999996,18.75141046389509,404.4528097198385,REMNUT,37.546374708291616,47.0,47.37525788449177,1778.7691844330748
24111,364.932964237232,P RoC,98.53190034405264,27.0,13.42426427159256,1322.7182694007845,REMNUT,171.51849319149903,47.0,43.248097802301615,7417.8485684493535
24112,153.98992054844086,P RoC,41.57727854807904,27.000000000000007,16.23039424159262,674.8156223278344,REMNUT,72.37526265776721,47.0,45.546001747441856,3296.4038394822287
24113,20.49786115698683,P RoC,5.534422512386445,27.0,25.293066952344667,139.98251914835393,REMNUT,9.63399474378381,47.0,51.404043607462,495.22628592352265
24114,641.9492041623329,P RoC,173.32628512382988,27.0,11.855700722636543,2054.9045637944973,REMNUT,301.7161259562964,47.0,41.80707237644276,12613.867914994806
24115,485.3503283094312,P RoC,131.04458864354643,27.0,12.607971019606827,1652.2063758941315,REMNUT,228.11465430543265,47.0,42.51444132905979,9698.167086767073
24116,42.52542830754681,P RoC,11.48186564303764,27.0,21.54143648663558,247.3358794975785,REMNUT,19.986951304547,46.99999999999999,49.20178675407533,983.3937159504092
24117,66.35364535266022,P RoC,17.915484245218263,27.0,19.532917726257477,349.9416797879103,REMNUT,31.186213315750305,47.0,47.905779250712754,1493.999850769973
24119,29.047485541945,P RoC,7.842821096325149,26.999999999999996,23.42574946520397,183.7239621029293,REMNUT,13.652318204714147,46.999999999999986,50.34000838055897,687.257812839368
24120,34.79678295298957,P RoC,9.395131397307184,27.0,22.513280026436853,211.5152240327456,REMNUT,16.354487987905095,47.0,49.79748970693311,814.4124472398652
24128,38.06431389381234,P RoC,10.277364751329332,27.0,22.07310415904579,226.8533426365981,REMNUT,17.8902275300918,47.0,49.53004422962811,886.1037608435573
24129,112.13030994610948,P RoC,30.27518368544957,27.000000000000007,17.403568582357252,526.8962356131849,REMNUT,52.701245674671455,47.0,46.42120554964469,2446.455358186247
24131,271.0099848585493,P RoC,73.1726959118083,27.0,14.332455755045736,1048.7444266334085,REMNUT,127.37469288351816,47.0,44.027160682136014,5607.94607042038
24132,611.7787453187974,P RoC,165.18026123607532,27.0,11.9819253470414,1979.1775589354504,REMNUT,287.53601029983474,46.99999999999999,41.92799868737154,12055.809462423522
24187,38.2861022524497,P RoC,10.33724760816142,27.0,22.04490948148481,227.88368780961392,REMNUT,17.994468058651357,46.99999999999999,49.51278176389293,890.9561699453468
24189,177.16363562092238,P RoC,47.83418161764904,26.999999999999996,15.737471822131653,752.7890853424797,REMNUT,83.26690874183352,47.0,45.16451190236677,3760.709290943828
24191,175.9596416740338,P RoC,47.50910325198913,27.0,15.761099067384032,748.7956829571776,REMNUT,82.70103158679588,46.99999999999999,45.18299467221441,3736.680269572834
24192,36.34522779972107,P RoC,9.81321150592469,27.0,22.2986693137303,218.821558276308,REMNUT,17.0822570658689,46.99999999999999,49.66757456533188,848.4342765632111
24193,38.04666135098202,P RoC,10.272598564765149,27.000000000000007,22.075356832514423,226.77127891436612,REMNUT,17.881930834961548,46.99999999999999,49.5314227589252,885.7174759323408
24201,92.0100321539702,P RoC,24.84270868157196,27.000000000000007,18.17747825743172,451.57779691498433,REMNUT,43.244715112366,47.00000000000001,46.9753132919561,2031.434040624781
24205,40.174471705990726,P RoC,10.847107360617496,27.0,21.812645216152077,236.6041044786612,REMNUT,18.88200170181564,47.0,49.36996117607174,932.2036909451588
24237,44.152313812547405,P RoC,11.9211247293878,27.0,21.364248018447977,254.6858653774945,REMNUT,20.75158749189728,47.0,49.091080163540745,1018.7178450854587
24238,420.6510430604844,P RoC,113.5757816263308,27.0,13.011115752506896,1477.747641421636,REMNUT,197.7059902384277,47.0,42.88095786439138,8477.82223695179
24241,294.9626749620816,P RoC,79.63992223976204,27.0,14.067878866156612,1120.3647789791044,REMNUT,138.63245723217835,47.0,43.80400021052189,6072.656185783508
24256,601.9766051256324,P RoC,162.53368338392076,27.0,12.024578420757267,1954.399021864488,REMNUT,282.92900440904725,47.0,41.96865191514971,11874.14890274316
24284,709.0677930376404,P RoC,191.44830412016293,27.0,11.599147386410683,2220.6370963681456,REMNUT,333.261862727691,47.0,41.55837241627316,13849.820603378284
24285,543.4223058247114,P RoC,146.72402257267208,27.0,12.298358044385642,1804.4645633112425,REMNUT,255.40848373761435,47.0,42.227128371233206,10785.16682989027
24286,158.63566245500837,P RoC,42.83162886285226,27.0,16.124608991554094,690.6432678848555,REMNUT,74.55876135385392,46.99999999999999,45.46484832456402,3389.802776220334
24287,221.97846294477085,P RoC,59.93418499508813,27.0,14.975764059594784,897.5602135905457,REMNUT,104.32987758404228,46.99999999999999,44.55753385775824,4648.682052826737
24290,103.94631951239064,P RoC,28.06550626834548,27.000000000000007,17.696173528449336,496.6520690884241,REMNUT,48.8547701708236,47.0,46.63277383658185,2278.233448214202
24292,224.73633329003096,P RoC,60.67880998830836,27.0,14.93513835046416,906.246422116912,REMNUT,105.62607664631454,47.0,44.52453563474267,4702.952013596892
24299,9.21734313324765,P RoC,2.488682645976866,27.0,30.155331553428123,75.04705032069518,REMNUT,4.332151272626396,47.0,53.92913455341373,233.62916888721145
24301,23.673870452673928,P RoC,6.391945022221961,27.0,24.504064970920105,156.6286361150763,REMNUT,11.126719112756746,47.0,50.96166869619552,567.0361730999358
24322,190.7135464457555,P RoC,51.49265754035399,27.0,15.48436623617816,797.3311678289421,REMNUT,89.63536682950507,47.0,44.9652387419665,4030.4756692124406
24329,99.28559557588254,P RoC,26.80711080548829,27.0,17.875672938863755,479.1951451947891,REMNUT,46.66422992066479,46.99999999999999,46.76130485275054,2182.080281039049
24330,128.52046964941096,P RoC,34.700526805340964,27.0,16.88898177812351,586.05656490669,REMNUT,60.40462073522315,47.0,46.04277152663504,2781.1961516649208
24331,32.68526725290117,P RoC,8.825022158283316,27.0,22.825480313982247,201.4353695443529,REMNUT,15.362075608863549,47.0,49.98488229286641,767.8715410831586
24341,135.84401177747748,P RoC,36.67788317991892,27.0,16.68431820872119,611.94547419607,REMNUT,63.84668553541441,47.0,45.88992693700981,2929.919734390408
24343,513.8523955408496,P RoC,138.7401467960294,27.0,12.45067592586327,1727.4086056640597,REMNUT,241.5106259041993,47.0,42.36912479684729,10232.593848699718
24345,301.1238650391671,P RoC,81.30344356057512,27.0,14.004042988017158,1138.5769186961209,REMNUT,141.5282165684085,47.0,43.74970063164309,6191.817105798222
24619,184.61889287626127,P RoC,49.84710107659055,27.0,15.59540374952022,777.3856670325737,REMNUT,86.77087965184279,47.0,45.05294942209252,3909.28405226495
24620,97.0170175075346,P RoC,26.194594727034342,27.0,17.96680406639755,470.6331510593165,REMNUT,45.59799822854127,47.00000000000001,46.82620056980856,2135.1810106314488
24621,125.38193806004053,P RoC,33.85312327621094,26.999999999999996,16.981094494784397,574.863085296923,REMNUT,58.92951088821904,47.0,46.11112280945663,2717.30591366788
24749,62.52983299803066,P RoC,16.88305490946828,27.0,19.789652803250625,334.1097949165932,REMNUT,29.38902150907441,47.0,48.0766900516239,1412.9268780122786
24751,265.9206209717768,P RoC,71.79856766237974,26.999999999999996,14.39235724320093,1033.3506353471032,REMNUT,124.98269185673507,46.999999999999986,44.07726870845945,5508.895692875899
25227,845.1381194667886,P RoC,228.1872922560329,26.999999999999996,11.159719584655422,2546.506194359141,REMNUT,397.2149161493906,47.0,41.1229379768144,16334.64436027692
25228,33.19266470194706,P RoC,8.962019469525707,27.0,22.748256044104647,203.8703135650217,REMNUT,15.600552409915116,46.99999999999999,49.93870418402543,779.071371906136
25306,1.100024995911008,P RoC,0.2970067488959722,27.0,48.13586851149289,14.296677811882502,REMNUT,0.5170117480781737,47.0,61.26545213730435,31.67495850630741
25339,8.449457520128684,P RoC,2.2813535304347448,27.0,30.73795936118431,70.12415210699754,REMNUT,3.971245034460481,46.99999999999999,54.21133054026903,215.2864772195392
25355,1162.3119480248654,P RoC,313.8242259667137,27.0,10.40414459968741,3265.0726258426657,REMNUT,546.2866155716868,47.0,40.34413738195716,22039.46226854855
25356,10.118075446897366,P RoC,2.731880370662289,27.0,29.54308425308501,80.70817195982511,REMNUT,4.755495460041762,47.0,53.62828656169348,255.02907327395195
25357,366.4948521742727,P RoC,98.95361008705363,27.0,13.411657083929503,1327.1318857044307,REMNUT,172.25258052190816,47.0,43.23701698811273,7447.687750271999
25358,296.4278360169983,P RoC,80.03551572458954,27.0,14.052551889011797,1124.703237683614,REMNUT,139.32108292798918,46.99999999999999,43.79097926969218,6101.006654330639
25360,200.5564232762212,P RoC,54.15023428457973,27.0,15.313883091838443,829.2503572297159,REMNUT,94.26151893982394,46.999999999999986,44.8296761590552,4225.713368332956
25361,377.1492933456298,P RoC,101.83030920332006,27.0,13.32736979761477,1357.130187358101,REMNUT,177.260167872446,47.0,43.16273921209944,7651.034398571354
25362,731.5865535081866,P RoC,197.5283694472104,27.0,11.519640254829074,2275.455756154834,REMNUT,343.8456801488477,47.0,41.480487642506894,14262.886486343654
25363,465.7723004226951,P RoC,125.75852111412767,27.0,12.722696563252454,1599.9875043784232,REMNUT,218.91298119866667,47.0,42.61960071962152,9329.983851029185
25365,133.75648543046617,P RoC,36.11425106622587,27.0,16.741258689331456,604.5980194711516,REMNUT,62.8655481523191,47.0,45.93258688814378,2887.577252777184
25369,874.300120222479,P RoC,236.06103246006936,27.0,11.076742392349576,2614.78724543226,REMNUT,410.9210565045651,47.0,41.03932073215624,16863.921033487342
25506,736.0354469307308,P RoC,198.72957067129727,26.99999999999999,11.50428556271702,2286.241730758757,REMNUT,345.9366600574435,47.0,41.46540125599755,14344.402418441514
25621,87.18726692686582,P RoC,23.54056207025377,27.0,18.39406428313255,433.0066119813198,REMNUT,40.97801545562693,47.0,47.12730578331739,1931.1834647708365
25626,233.34896367401436,P RoC,63.00422019198388,27.0,14.812081096716126,933.2236189190248,REMNUT,109.67401292678672,46.999999999999986,44.42418239504712,4872.178354256329
25709,0.0407366373007409,REMNUT,0.0191462195313482,46.99999999999995,74.66218330119133,1.4294985521743722,REMNUT,0.0191462195313482,46.99999999999995,74.66218330119133,1.4294985521743722
25710,0.0171999135269795,REMNUT,0.0080839593576803,46.99999999999962,78.62636902463582,0.6356123716371347,REMNUT,0.0080839593576803,46.99999999999962,78.62636902463582,0.6356123716371347
25733,61.33172323208554,P RoC,16.559565272663097,27.0,19.87406185702965,329.1058245544265,REMNUT,28.825909919080203,47.0,48.132529550879305,1387.4639610111128
25734,67.6961438663713,P RoC,18.277958843920253,27.0,19.447031120179457,355.4520344510765,REMNUT,31.81718761719451,47.0,47.84823917814243,1522.3964030833545
25748,341.4264308380034,P RoC,92.18513632626092,27.0,13.622349032514604,1255.7781026462674,REMNUT,160.47042249386158,46.99999999999999,43.4212146287905,6967.820656678655
25749,141.15516402288742,P RoC,38.111894286179606,27.0,16.544135727557542,630.5283519048802,REMNUT,66.34292709075709,47.0,45.784448782302775,3037.474347454815
25754,1350.9170566497953,P RoC,364.7476052954448,27.000000000000007,10.065585987801075,3671.398384945827,REMNUT,634.9310166254038,47.0,39.98177539098576,25385.66929548714
25765,344.56632031528386,P RoC,93.03290648512665,27.0,13.594941792970568,1264.7769484961707,REMNUT,161.9461705481834,47.0,43.3973715784087,7028.038138979863
25786,699.3534629293235,P RoC,188.82543499091736,27.0,11.63440274180167,2196.871158580222,REMNUT,328.69612757678203,47.0,41.59278416107736,13671.387088883044
25787,263.55699074972705,P RoC,71.1603875024263,27.0,14.420654609530365,1026.1793700528308,REMNUT,123.87178565237171,47.0,44.10088692329568,5462.855612041964
25878,297.8287237108404,P RoC,80.4137554019269,27.0,14.037983457446654,1128.8469680834114,REMNUT,139.97950014409497,47.0,43.77859316869221,6128.1055887652265
25947,682.3540641837244,P RoC,184.2355973296056,27.0,11.697558392813464,2155.106657797929,REMNUT,320.70641016635045,47.0,41.65423944621773,13358.781601006078
25982,19.14712478995493,P RoC,5.16972369328783,26.999999999999996,25.675244564614182,132.73392015664552,REMNUT,8.999148651278814,46.999999999999986,51.614720758374354,464.48854469885714
26010,18.33089836723908,P RoC,4.949342559154552,27.0,25.922503935854657,128.29935196957683,REMNUT,8.615522232602366,46.99999999999999,51.7498113796832,445.85165047463954
26879,4.892877506191995,P RoC,1.3210769266718387,27.0,34.663564397792285,45.7932351221268,REMNUT,2.299652427910237,46.999999999999986,56.017785410989966,128.82143622653774
26916,22.160730691603074,P RoC,5.9833972867328304,27.0,24.862733637986107,148.76361299028716,REMNUT,10.415543425053444,47.0,51.16403078857654,532.9011844791904
27037,136.13414716091944,P RoC,36.756219733448255,27.0,16.67648885250502,612.9646886450748,REMNUT,63.98304916563213,47.0,45.88405288690358,2935.8016117812167
27092,5899.092363209643,P RoC,1592.7549380666037,27.0,7.2778756485205935,11591.872377815862,REMNUT,2772.573410708532,47.0,36.59760659564751,101469.55094266348
27986,215.2401705059249,P RoC,58.11484603659974,27.000000000000007,15.077670282568866,876.2364870621049,REMNUT,101.16288013778473,47.00000000000001,44.64002164621618,4515.913159144283
27987,68.7720437204142,P RoC,18.568451804511835,27.0,19.379686587052248,359.8507763782241,REMNUT,32.32286054859468,47.00000000000001,47.8029920306172,1545.1294452112222
27988,54.14080148989808,P RoC,14.618016402272485,27.000000000000007,20.42687560895906,298.6004026989433,REMNUT,25.446176700252096,47.0,48.49403430224455,1233.987765763001
28004,1326.196616721935,P RoC,358.07308651492247,27.0,10.106566374313156,3618.889415718241,REMNUT,623.3124098593095,47.0,40.02610416225914,24948.76744265748
28036,149.65508971033867,P RoC,40.40687422179144,27.0,16.33267220219236,659.9522313797361,REMNUT,70.33789216385917,46.99999999999999,45.62409960019145,3209.1029977514363
28037,129.18040317368295,P RoC,34.8787088568944,27.0,16.869962381251405,588.4025063224287,REMNUT,60.71478949163098,47.0,46.02862462849797,2794.618254908556
28038,47.499371721967286,P RoC,12.824830364931168,27.0,21.023549590848194,269.62345717134616,REMNUT,22.324704709324624,47.0,48.876322782537166,1091.149473397778
28039,45.142983568771086,P RoC,12.188605563568194,27.0,21.260208386356844,259.1322942205682,REMNUT,21.21720227732241,47.0,49.0257651684606,1040.189576379736
28196,257.30120114824325,P RoC,69.47132431002568,27.0,14.497067965882469,1007.1305102023052,REMNUT,120.93156453967433,47.0,44.16449688119236,5340.88170495016
28197,150.5544641360784,P RoC,40.64970531674117,27.0,16.31115721747736,663.0437342654905,REMNUT,70.76059814395684,47.0,45.607700696518286,3227.228181256191
28254,235.33329053986373,P RoC,63.53998844576322,27.000000000000007,14.78451332944907,939.407806129426,REMNUT,110.60664655373596,47.0,44.40161779361343,4911.114045712274
28420,1195.07081280249,P RoC,322.6691194566723,27.0,10.340719869710528,3336.6309749076117,REMNUT,561.6832820171703,47.0,40.27691308023783,22622.86872842828
28444,777.2109083410613,P RoC,209.84694525208656,27.0,11.367339181139444,2385.401402806468,REMNUT,365.2891269202988,47.0,41.330195817555,15097.471145639653
28446,95.28389990503976,P RoC,25.72665297436073,26.99999999999999,18.038195047828403,464.0623842793136,REMNUT,44.78343295536868,46.99999999999999,46.876872036617705,2099.307256009266
28471,111.79853266676012,P RoC,30.18560382002524,27.000000000000007,17.414917892866026,525.6798120723225,REMNUT,52.54531035337725,47.0,46.42945971553287,2439.650370292301
28536,360.55182942139794,P RoC,97.34899394377744,27.0,13.45998200351338,1310.3157065433777,REMNUT,169.45935982805702,47.0,43.27945008819399,7334.107905655699
28594,237.9924876969954,P RoC,64.25797167818877,27.0,14.748011218334897,947.677287177374,REMNUT,111.85646921758784,47.0,44.37169317655904,4963.260931936027
28898,1384.0326838443136,P RoC,373.68882463796473,27.0,10.012099981495464,3741.4098742428287,REMNUT,650.4953614068273,47.0,39.92372131861819,25970.19552786
28907,1000.061814268023,P RoC,270.01668985236626,27.0,10.754035558268331,2903.769083998259,REMNUT,470.0290527059708,47.0,40.70972657591553,19134.75421839666
29613,16.432933172467227,P RoC,4.436891956566152,27.0,26.553394904519887,117.81454427138893,REMNUT,7.723478591059596,47.0,52.09030385945777,402.3183466603112
29692,23.790196183632712,P RoC,6.423352969580833,27.0,24.477654971949324,157.22861775244573,REMNUT,11.181392206307374,47.0,50.94668314437718,569.6548458477503
29761,14.738968004711417,P RoC,3.9795213612720826,27.0,27.19660021403843,108.22945150574284,REMNUT,6.927314962214365,46.99999999999999,52.43143831819979,363.209087152085
29763,497.3047208399854,P RoC,134.27227462679608,27.0,12.540660359888664,1683.862991844346,REMNUT,233.73321879479312,47.0,42.45241892561286,9922.540521108487
29993,48.49153515489199,P RoC,13.09271449182084,27.0,20.928151409535907,274.0063112466515,REMNUT,22.791021522799237,47.0,48.81573583892676,1112.5604861562615
30794,31.1986063060758,P RoC,8.423623702640466,27.0,23.060442222181297,194.25248769613736,REMNUT,14.663344963855623,46.99999999999999,50.124688249097794,734.9955950022413
36815,21.475902555647284,P RoC,5.798493690024767,27.0,25.035026794191328,145.1654448957194,REMNUT,10.093674201154222,46.99999999999999,51.26048497003551,517.4066346807011
43860,10.852692806220729,P RoC,2.930227057679597,27.0,29.091031578299425,85.24332786654456,REMNUT,5.100765618923743,47.00000000000001,53.40323248390471,272.3973721932927
49896,29.420904717201797,P RoC,7.943644273644485,26.999999999999996,23.36001131576972,185.5636201207845,REMNUT,13.82782521708484,46.999999999999986,50.30144194522924,695.5595473859701
51897,0.1448413770693011,REMNUT,0.0680754472225715,46.999999999999986,69.19046310905972,4.710171719686078,REMNUT,0.0680754472225715,46.999999999999986,69.19046310905972,4.710171719686078
56359,165.99772333678925,P RoC,44.8193853009331,27.0,15.964484700779938,715.5183909351077,REMNUT,78.01892996829095,47.0,45.34126872623934,3537.477269425928
58813,19.219681267280578,P RoC,5.189313942165756,27.0,25.653889167546065,133.12608472792186,REMNUT,9.033250195621871,47.0,51.603008878457175,466.1428900460005
