,"Crude oil, average","Crude oil, Brent","Crude oil, Dubai","Crude oil, WTI","Coal, Australian","Coal, South Afican","Natural gas, US","Natural gas, Europe","Liquefied natural gas, Japan",Natural gas index,Cocoa,"Coffee, Arabica","Coffee, Robusta","Tea, avg 3 auctions","Tea, Colombo","Tea, Kolkata","Tea, Mombasa",Coconut oil,Groundnuts,Fish meal,Groundnut oil,Palm oil,Palm kernel oil,Soybeans,Soybean oil,Soybean meal,Barley,Maize,Sorghum,"Rice, Thai 5% ","Rice, Thai 25% ","Rice, Thai A.1","Rice, Viet Namese 5%","Wheat, US SRW","Wheat, US HRW","Banana, Europe","Banana, US",Orange,Beef,"Meat, chicken","Meat, sheep","Shrimps, Mexican","Sugar, EU","Sugar, US","Sugar, world","Tobacco, US import u.v.","Logs, Cameroon","Logs, Malaysian","Sawnwood, Cameroon","Sawnwood, Malaysian",Plywood,"Cotton, A Index","Rubber, TSR20","Rubber, SGP/MYS",Phosphate rock,DAP,TSP,Urea ,Potassium chloride,Aluminum,"Iron ore, cfr spot",Copper,Lead,Tin,Nickel,Zinc,Gold,Platinum,Silver,MUV Index
,($/bbl),($/bbl),($/bbl),($/bbl),($/mt),($/mt),($/mmbtu),($/mmbtu),($/mmbtu),(2010=100),($/kg),($/kg),($/kg),($/kg),($/kg),($/kg),($/kg),($/mt),($/mt),($/mt),($/mt),($/mt),($/mt),($/mt),($/mt),($/mt),($/mt),($/mt),($/mt),($/mt),($/mt),($/mt),($/mt),($/mt),($/mt),($/kg),($/kg),($/kg),($/kg),($/kg),($/kg),($/kg),($/kg),($/kg),($/kg),($/mt),($/cubic meter),($/cubic meter),($/cubic meter),($/cubic meter),(Â¢/sheet),($/kg),($/kg),($/kg),($/mt),($/mt),($/mt),($/mt),($/mt),($/mt),($/dmtu),($/mt),($/mt),($/mt),($/mt),($/mt),($/troy oz),($/troy oz),($/troy oz),(2010=100)
1960,8.51,..,8.51,..,..,..,0.73,2.11,..,18.93,3.08,4.82,3.64,5.38,4.86,5.86,5.42,1631.60,..,..,1708.22,1172.33,..,479.73,1169.72,423.18,105.28,232.46,191.06,560.78,..,..,..,..,302.95,..,0.75,0.68,3.85,1.57,..,8.39,0.64,0.66,0.35,9073.26,..,166.85,..,779.28,..,3.42,..,4.08,67.91,0.00,276.87,220.71,148.88,2671.88,59.66,3545.76,1038.78,11475.54,8520.20,1286.08,184.25,436.20,4.77,19.14
1961,8.05,..,8.05,..,..,..,0.77,2.07,..,19.19,2.45,4.59,3.43,4.88,4.57,5.01,5.04,1298.56,..,..,1692.27,1170.46,..,560.25,1472.36,496.58,106.32,230.37,212.23,609.53,..,..,..,..,300.31,..,0.69,0.68,3.49,1.60,..,8.68,0.64,0.64,0.30,8010.13,..,169.41,..,778.76,..,3.44,..,3.08,66.61,0.00,266.46,216.50,153.73,2620.89,56.47,3244.06,906.86,12553.78,8767.54,1098.16,180.63,427.87,4.74,19.52
1962,7.65,..,7.65,..,..,..,0.80,2.04,..,19.45,2.30,4.19,3.43,4.89,4.33,5.56,4.80,1263.71,..,..,1380.03,1087.74,..,505.75,1141.89,447.74,114.20,244.74,224.86,678.72,..,..,..,..,323.62,..,0.66,0.54,3.59,1.61,..,11.33,0.64,0.65,0.31,7067.14,..,183.05,..,805.16,..,3.27,..,2.84,57.85,0.00,256.55,212.53,150.91,2505.42,55.38,3245.30,781.13,12431.93,8858.45,935.27,177.22,420.03,5.45,19.88
1963,7.69,..,7.69,..,..,..,0.82,2.01,..,19.49,2.83,4.13,3.19,4.88,4.18,5.55,4.92,1467.23,..,..,1375.87,1139.59,..,564.14,1145.69,466.39,122.87,275.53,245.14,643.93,..,..,..,..,330.44,..,0.74,0.48,3.41,1.68,..,10.23,0.65,0.85,0.94,6884.95,..,181.84,..,808.85,..,3.31,..,2.67,58.93,0.00,266.46,216.50,153.73,2555.94,56.47,3309.99,895.76,12850.18,8924.68,1083.82,179.81,414.71,6.55,19.52
1964,7.33,..,7.33,..,..,..,0.76,1.94,..,18.43,2.56,5.10,3.98,4.68,4.14,5.25,4.66,1498.24,..,..,1593.75,1210.07,..,558.44,1177.46,449.80,127.06,276.08,243.76,607.16,..,..,..,..,341.25,..,0.86,0.42,4.25,1.71,..,9.16,0.64,0.70,0.64,7521.12,..,152.89,..,731.92,..,3.29,..,2.48,63.17,0.00,267.84,305.74,164.24,2658.07,51.75,4900.64,1404.28,17246.28,8801.51,1649.92,177.38,447.14,6.53,19.79
1965,7.11,..,7.11,..,..,..,0.80,2.06,..,19.50,1.83,5.01,3.39,5.01,4.24,5.72,5.07,1752.54,..,..,1621.32,1364.07,..,584.97,1351.44,485.64,121.85,278.66,239.91,594.58,..,..,..,..,297.63,..,0.80,0.48,4.41,1.75,..,9.95,0.62,0.68,0.22,6333.82,..,175.31,..,784.58,..,3.19,..,2.53,70.07,0.00,270.29,329.10,147.66,2703.55,53.37,6471.13,1587.57,19474.72,8684.28,1557.91,175.79,490.73,6.47,19.98
1966,6.57,..,6.57,..,..,..,0.77,2.05,..,19.13,2.50,4.48,3.57,4.22,3.67,4.58,4.41,1562.66,..,..,1430.37,1137.52,..,606.62,1262.36,516.70,125.09,281.42,234.49,700.95,..,..,..,..,303.90,..,0.74,0.41,4.94,1.76,..,11.17,0.63,0.68,0.19,7633.14,..,177.77,..,777.64,..,3.01,..,2.28,62.76,0.00,241.37,286.02,132.75,2607.42,45.96,7393.18,1258.25,17250.65,8394.80,1357.01,169.59,481.39,6.24,20.72
1967,6.36,..,6.36,..,..,..,0.77,2.19,..,19.69,2.86,4.14,3.54,4.00,3.44,3.82,4.74,1561.73,..,..,1354.02,1069.28,..,548.99,1037.61,473.23,125.62,258.90,248.35,906.21,..,..,..,..,314.44,..,0.76,0.76,4.98,1.78,..,10.97,0.62,0.70,0.20,6218.18,..,188.20,..,798.60,..,3.24,..,1.87,57.42,327.79,215.34,235.68,122.03,2584.70,42.40,5430.24,1089.50,15829.93,9262.93,1307.98,167.25,527.57,7.41,20.90
1968,6.37,..,6.37,..,..,..,0.77,2.18,..,19.75,3.48,4.19,3.60,3.61,3.27,3.54,4.03,1927.41,..,..,1306.93,815.01,..,534.88,859.67,465.44,121.48,231.54,253.76,882.99,..,..,..,..,303.02,..,0.74,0.81,5.24,1.85,..,12.45,0.54,0.74,0.20,5814.42,..,193.33,..,813.58,..,3.30,..,1.84,55.51,292.06,181.03,171.37,115.86,2669.50,42.34,5995.37,1160.94,15094.63,10014.38,1269.08,187.91,565.81,10.35,20.72
1969,5.82,..,5.82,..,..,..,0.78,2.07,..,19.30,4.11,4.02,3.34,3.33,2.73,3.95,3.30,1655.35,..,..,1519.07,829.88,..,489.12,903.43,433.77,117.15,239.58,246.32,771.49,..,..,..,..,267.57,..,0.73,0.78,5.60,1.84,..,13.13,0.51,0.72,0.32,5097.01,..,178.20,..,760.20,..,2.87,..,2.30,51.55,265.76,179.85,121.88,100.81,2696.32,45.09,6723.45,1328.30,15704.80,10829.26,1312.34,188.25,569.04,8.20,21.82
1970,5.21,..,5.21,..,33.60,..,0.73,1.93,..,18.05,2.91,4.94,3.94,3.60,2.70,4.27,3.82,1710.92,..,..,1630.64,1120.18,..,503.63,1233.42,441.89,113.54,251.57,223.14,544.09,..,..,..,..,236.50,..,0.72,0.72,5.62,1.81,..,11.78,0.48,0.71,0.35,4634.92,185.19,185.80,753.84,755.59,..,2.91,..,1.75,47.38,232.61,183.07,78.61,135.69,2645.62,42.39,6098.32,1304.82,15823.87,12260.38,1274.27,154.82,570.76,7.63,23.21
1971,6.92,..,6.92,..,35.55,..,0.74,2.06,..,18.73,2.20,4.06,3.82,3.48,2.77,3.99,3.69,1497.16,..,..,1804.72,1068.79,..,514.38,1244.13,418.81,116.25,239.20,228.43,456.85,..,..,..,..,252.83,..,0.57,0.63,5.51,1.80,3.26,13.54,0.47,0.72,0.41,4270.58,181.98,177.21,..,719.75,..,3.21,..,1.36,46.08,252.92,177.15,65.53,133.12,2572.02,42.31,4429.38,1038.82,14384.67,12009.59,1266.79,167.13,503.97,6.33,24.41
1972,6.83,..,6.83,..,36.05,..,0.71,2.04,..,18.34,2.42,4.17,3.74,2.94,2.63,3.14,3.04,878.85,..,..,1599.29,815.76,..,525.67,903.34,487.50,112.89,209.34,211.16,486.05,..,..,..,..,262.13,..,0.51,0.58,5.56,1.77,4.01,15.48,0.56,0.71,0.60,4031.30,197.05,154.38,..,641.80,..,3.11,..,1.25,43.18,341.69,253.45,109.83,125.79,2215.71,38.79,3971.35,1132.66,14042.75,11564.37,1418.15,218.38,477.33,6.33,26.63
1973,9.09,..,9.09,..,37.17,..,0.68,2.25,..,18.93,3.66,4.45,3.56,2.55,2.14,2.80,2.71,1660.91,..,..,1768.30,1222.34,..,940.00,1411.62,976.69,165.21,316.71,302.37,937.56,..,..,..,..,452.66,..,0.47,0.53,6.51,1.71,4.50,16.20,0.48,0.73,0.68,3652.14,432.13,220.25,..,723.71,..,4.50,..,2.20,44.52,384.47,322.15,209.64,137.60,1939.69,33.44,5780.37,1391.16,15547.84,10920.92,2736.89,315.11,492.72,8.28,30.89
1974,29.16,..,29.16,..,44.87,..,0.77,4.60,..,31.21,4.15,3.86,3.44,2.91,2.36,3.33,3.02,2650.33,..,..,2861.02,1777.51,..,735.70,2210.86,489.73,172.51,348.63,321.31,1373.98,..,..,..,..,477.43,..,0.49,0.49,4.20,1.48,3.78,12.36,0.62,1.73,1.74,3937.50,319.95,216.96,..,655.78,..,3.88,..,2.00,144.85,883.69,806.55,759.17,160.73,2031.94,35.55,5468.92,1573.48,21743.57,10162.74,3293.27,423.07,491.44,12.51,37.64
1975,24.96,..,24.96,..,64.21,..,1.03,4.02,..,31.62,2.98,3.45,3.22,2.73,2.11,3.47,2.62,941.32,..,..,2051.30,1038.61,..,526.08,1347.60,370.79,141.09,286.19,267.62,816.76,..,..,..,..,356.57,..,0.52,0.55,3.17,1.39,3.53,14.08,0.81,1.19,1.08,4406.37,302.78,161.50,..,534.50,..,2.93,..,1.34,160.67,580.10,484.42,401.89,194.56,2077.46,41.38,2953.75,984.80,16450.02,10935.46,1782.57,385.21,406.37,10.57,41.80
1976,27.48,..,27.48,..,64.18,..,1.37,4.10,..,36.16,4.83,7.44,6.65,2.81,2.19,3.35,2.87,988.99,..,..,1684.55,960.71,..,546.29,1035.86,472.63,131.85,265.55,248.64,554.59,..,..,..,..,314.11,..,0.61,0.51,3.74,1.44,3.70,19.64,0.70,0.69,0.60,5167.59,336.37,217.45,..,622.81,..,4.13,..,1.83,84.68,283.38,214.85,193.78,131.16,2103.06,53.69,3310.22,1054.96,17925.96,11752.26,1681.20,294.96,377.27,10.29,42.32
1977,27.47,..,27.47,..,62.70,..,1.73,3.92,6.06,43.70,8.29,11.30,10.78,4.27,3.71,4.52,4.59,1263.97,..,..,1864.25,1158.72,..,612.49,1268.52,502.45,104.69,208.45,193.18,551.40,..,..,..,..,225.65,..,0.60,0.56,3.29,1.42,3.72,17.30,0.68,0.53,0.39,4927.44,347.10,202.37,..,579.30,..,3.56,..,1.78,135.08,293.13,214.06,264.01,120.88,2500.60,50.41,2861.14,1351.05,23620.26,11189.13,1289.11,322.94,346.12,10.14,45.74
1978,24.30,..,24.30,..,54.66,..,1.70,4.33,5.71,45.15,6.40,6.75,6.12,2.65,1.40,3.53,3.02,1285.25,..,..,2030.12,1129.34,..,504.79,1141.88,401.24,103.39,189.52,176.53,650.25,..,..,..,..,240.31,..,0.54,0.56,4.02,1.31,4.13,15.18,0.66,0.58,0.32,4266.58,359.84,183.15,..,512.22,..,3.02,..,1.85,58.85,263.05,184.44,255.91,111.01,2492.43,40.35,2567.52,1245.19,24220.77,8670.89,1117.27,363.52,490.33,10.19,53.16
1979,52.22,54.15,50.28,..,52.09,..,1.99,5.50,6.23,54.51,5.55,6.45,6.16,2.54,1.32,3.55,2.75,1660.24,..,665.91,1498.63,1102.61,..,502.12,1116.69,409.83,110.03,194.81,182.31,527.95,..,..,..,263.60,270.32,..,0.55,0.67,4.86,1.25,4.00,20.19,0.72,0.58,0.36,3953.60,356.71,286.75,..,617.10,442.67,2.88,..,2.13,59.83,326.03,246.59,258.02,128.96,2703.04,39.63,3347.90,2037.57,26050.19,10094.67,1250.73,517.16,746.73,18.72,59.30
1980,56.53,58.09,54.96,..,61.54,..,2.44,6.47,8.73,66.26,3.99,5.31,4.97,2.54,1.70,3.14,2.79,1033.10,1895.89,773.37,1316.61,894.90,..,454.17,916.23,402.33,119.94,192.05,197.57,629.74,..,..,..,258.04,264.82,..,0.58,0.61,4.23,1.16,4.41,15.55,0.75,1.02,0.97,3489.28,385.89,299.76,607.14,607.44,419.76,3.16,..,2.18,68.48,340.68,276.35,307.50,163.28,2721.24,43.07,3345.52,1388.67,25718.74,9994.23,1167.07,931.96,1041.18,31.90,65.22
1981,54.34,56.17,52.52,..,82.11,..,3.04,7.04,9.23,76.63,3.18,4.39,3.43,2.25,1.49,2.78,2.49,872.78,1925.63,715.91,1596.89,873.93,..,441.69,776.20,386.81,122.09,200.28,193.53,702.91,..,..,..,236.74,267.94,..,0.61,0.62,3.79,1.19,4.19,15.56,0.64,0.67,0.57,3555.48,325.87,236.70,..,535.09,374.73,2.87,..,1.72,74.98,272.02,247.07,279.48,168.71,1933.77,43.02,2667.66,1112.92,21683.58,9116.68,1295.05,704.08,685.28,16.12,65.30
1982,51.53,52.75,50.13,51.72,86.45,..,3.89,7.02,9.55,87.11,2.74,4.87,3.83,2.44,1.81,2.91,2.59,733.05,1306.15,557.06,923.25,702.53,..,386.09,705.95,344.93,100.57,172.46,171.31,430.09,..,..,..,209.22,253.11,..,0.59,0.61,3.77,1.20,3.75,20.97,0.63,0.69,0.29,4047.04,277.67,231.17,..,535.69,366.90,2.52,..,1.35,67.81,263.01,218.48,195.66,131.40,1565.12,51.30,2336.78,861.19,20244.67,7635.66,1175.59,593.17,518.19,12.52,63.35
1983,48.09,48.37,46.58,49.32,61.92,..,4.20,6.57,8.99,88.36,3.44,4.72,4.43,3.40,3.01,4.09,3.10,1183.44,1565.22,733.83,1152.70,813.03,..,456.57,854.31,385.63,114.94,220.54,208.77,416.39,..,..,..,222.63,255.24,..,0.70,0.61,3.96,1.25,3.13,21.42,0.63,0.79,0.30,4307.41,260.67,223.28,..,532.05,372.62,3.01,..,1.73,64.54,274.16,218.35,185.72,120.66,2332.32,47.02,2581.20,689.66,21059.10,7576.63,1239.31,685.10,686.36,18.53,61.67
1984,47.35,47.75,45.58,48.71,51.33,54.50,4.40,6.23,8.68,88.97,3.97,5.29,5.03,4.55,4.15,4.83,4.66,1914.21,1386.99,618.68,1685.55,1208.35,..,467.67,1200.33,326.89,130.52,225.38,195.95,385.46,..,..,..,232.49,252.56,..,0.61,0.58,3.77,1.45,3.19,19.46,0.60,0.79,0.19,4619.50,291.20,259.90,..,582.99,376.31,2.96,..,1.59,54.82,291.17,217.60,248.96,139.47,2074.59,43.35,2283.48,733.81,20282.13,7878.77,1528.49,597.64,593.22,13.50,60.32
1985,45.54,45.79,44.33,46.51,56.54,58.50,4.21,6.12,8.76,86.09,3.78,5.41,4.44,2.93,2.44,3.69,2.66,988.76,1132.14,469.25,1516.09,838.67,..,375.99,958.32,263.32,98.54,188.03,172.58,329.93,..,..,..,215.56,227.57,..,0.63,0.67,3.61,1.40,3.09,17.58,0.59,0.75,0.15,4375.81,291.32,203.95,514.34,514.57,353.30,2.21,..,1.27,60.31,263.32,203.35,187.02,139.41,1743.62,44.50,2374.67,654.84,19332.39,8207.80,1312.57,532.62,490.05,10.25,59.69
1986,20.90,21.52,19.22,21.97,45.34,44.24,2.82,5.32,5.97,63.55,3.01,6.25,4.73,2.42,1.61,3.15,2.49,431.90,1447.30,466.98,829.44,374.36,..,303.59,498.78,269.12,69.28,127.54,120.05,271.29,151.67,151.86,..,172.45,167.39,..,0.56,0.57,3.05,1.35,3.14,18.77,0.60,0.67,0.19,3873.49,322.86,201.86,..,479.74,398.71,1.54,..,1.17,52.44,201.26,176.50,103.06,106.27,1675.05,38.25,2001.12,591.51,8974.95,5653.61,1098.36,535.60,677.40,7.92,68.65
1987,24.12,24.38,22.51,25.47,36.55,35.22,2.21,3.44,4.45,46.22,2.65,3.33,2.99,2.19,1.79,3.05,1.74,587.86,1008.24,509.66,664.29,455.38,..,286.79,444.30,270.17,73.11,100.62,96.72,285.27,253.89,204.59,..,149.01,150.07,..,0.52,0.61,3.17,1.21,2.87,15.21,0.63,0.64,0.20,3649.53,344.16,268.21,..,533.42,530.91,2.19,..,1.31,45.39,212.68,183.44,109.66,89.45,2080.76,33.63,2369.40,793.35,8859.25,6476.41,1061.80,593.47,738.70,9.32,75.23
1988,18.37,18.69,16.50,19.93,43.53,35.08,2.10,2.95,4.17,42.32,1.98,3.79,2.60,1.97,1.70,2.51,1.70,705.04,1168.04,679.56,736.87,545.69,..,378.84,578.45,333.90,87.79,133.42,122.90,346.35,..,274.30,..,175.65,181.24,..,0.60,0.57,3.14,1.25,3.01,15.53,0.66,0.61,0.28,3080.51,338.67,250.72,..,502.20,447.91,1.75,..,1.48,39.44,224.89,197.69,141.73,108.39,3183.57,30.33,3247.50,819.12,8802.09,17198.57,1549.69,545.54,661.99,8.15,80.11
1989,22.40,22.88,19.72,24.61,47.72,38.93,2.13,2.62,4.12,41.14,1.56,3.00,2.08,2.29,1.92,3.05,1.91,649.02,1026.58,512.87,972.90,440.04,..,345.33,541.86,310.90,94.35,140.05,133.03,375.68,..,274.49,..,202.51,212.52,..,0.69,0.56,3.23,1.38,2.91,14.01,0.63,0.63,0.35,3977.71,343.78,239.33,..,609.39,439.92,2.10,..,1.22,38.93,195.01,180.83,129.29,123.48,2450.31,34.95,3576.92,845.72,10717.19,16711.86,2083.01,478.99,639.99,6.92,79.63
1990,27.67,28.65,24.75,29.62,47.98,39.77,2.05,3.41,4.40,44.15,1.53,2.39,1.43,2.49,2.27,3.40,1.80,407.03,1603.32,498.55,1165.65,350.48,..,298.47,541.09,242.12,96.68,132.18,125.72,327.62,..,188.90,..,156.15,163.93,..,0.65,0.64,3.10,1.31,3.21,13.05,0.71,0.62,0.33,4103.17,415.45,214.33,644.71,644.81,429.25,2.20,..,1.05,37.85,187.09,159.45,139.88,114.47,1983.06,39.31,3219.31,980.43,7360.84,10721.96,1830.67,463.84,570.43,5.85,82.67
1991,23.65,24.50,20.22,26.23,48.43,38.46,1.81,3.80,4.87,43.41,1.46,2.29,1.31,2.04,1.75,2.64,1.74,528.62,1511.17,583.35,1092.43,413.86,..,292.49,554.05,240.60,95.57,131.14,128.32,358.04,292.39,218.73,..,153.96,157.08,..,0.68,0.64,3.25,1.29,2.85,14.09,0.75,0.58,0.24,4272.95,385.84,233.77,..,674.53,454.61,2.05,..,1.01,38.46,193.19,162.52,168.96,129.93,1589.74,42.44,2855.23,680.75,6830.54,9956.54,1363.65,442.16,458.80,4.95,81.91
1992,22.79,23.14,20.60,24.64,46.21,34.55,2.12,3.07,4.31,43.28,1.32,1.69,1.13,1.92,1.73,2.03,2.01,692.19,957.70,577.04,730.94,471.58,..,282.23,514.02,244.98,94.29,124.93,123.14,321.44,273.64,213.22,..,173.94,181.20,..,0.57,0.59,2.94,1.27,3.18,13.13,0.75,0.56,0.24,4122.02,397.01,251.08,..,727.70,456.31,1.53,..,1.03,37.75,165.23,144.69,140.94,133.93,1503.16,39.67,2733.79,648.79,7311.60,8390.42,1485.77,411.94,431.05,4.73,83.44
1993,19.51,19.72,17.31,21.50,36.30,31.23,2.46,3.09,4.06,47.30,1.29,1.81,1.34,1.87,1.67,2.14,1.80,521.59,1265.19,422.54,856.19,437.60,..,295.50,556.54,241.15,82.69,118.27,114.72,272.71,234.49,182.55,..,156.13,162.46,..,0.51,0.50,3.03,1.40,3.37,13.19,0.72,0.55,0.26,3122.40,359.49,451.57,..,878.39,766.23,1.48,..,0.96,36.49,141.33,129.68,99.10,130.37,1319.53,33.70,2216.19,470.74,5978.90,6132.14,1114.40,416.77,433.29,4.99,86.32
1994,18.97,18.91,17.52,20.50,38.58,34.11,2.29,2.92,3.80,44.29,1.67,3.95,3.13,1.78,1.59,1.88,1.88,725.55,1140.33,449.46,1221.49,631.10,..,300.77,735.20,229.81,86.77,128.45,124.05,319.59,274.59,217.72,..,165.48,178.82,..,0.53,0.49,2.79,1.46,3.55,15.62,0.74,0.58,0.32,3154.98,394.43,367.31,..,980.58,717.98,2.11,..,1.34,38.02,191.60,157.78,112.13,134.36,1763.75,31.61,2755.79,654.21,6525.57,7571.75,1191.60,458.63,484.01,6.31,83.73
1995,18.69,18.57,17.53,19.98,42.83,38.33,1.87,2.97,3.75,39.40,1.56,3.63,3.01,1.62,1.55,1.90,1.42,728.44,989.90,538.51,1078.02,683.47,..,282.04,680.03,214.23,113.15,134.34,129.43,349.17,323.83,285.98,..,182.07,192.54,..,0.48,0.58,2.03,1.33,2.85,14.73,0.75,0.55,0.32,2875.80,369.35,278.09,648.53,804.99,635.81,2.31,..,1.72,35.54,217.33,162.78,138.01,122.39,1964.38,30.87,3193.65,686.41,6760.02,8951.30,1121.75,417.93,461.64,5.66,91.92
1996,22.65,22.90,20.56,24.48,42.23,37.17,3.03,3.15,4.07,54.57,1.61,2.99,2.00,1.84,2.10,1.85,1.58,833.53,1066.89,649.89,995.08,588.80,807.38,338.07,611.63,296.67,132.71,183.89,166.39,375.82,317.28,258.08,..,207.85,230.24,..,0.52,0.55,1.94,1.52,3.65,14.55,0.76,0.55,0.29,3388.51,315.32,279.59,568.28,822.18,587.26,1.97,..,1.55,36.64,219.70,195.00,170.45,124.77,1669.83,33.27,2545.07,858.75,6837.27,8318.66,1136.92,429.97,440.41,5.77,90.17
1997,22.31,22.22,21.06,23.66,40.85,36.49,2.89,3.19,4.55,53.31,1.88,4.85,2.02,2.40,2.35,2.50,2.35,764.45,1150.37,705.58,1175.97,635.27,758.63,343.82,657.28,320.93,113.17,136.28,127.58,353.24,299.21,244.85,..,167.18,185.61,1.13,0.60,0.53,2.15,1.56,3.95,17.18,0.73,0.56,0.29,4110.17,331.41,277.29,655.91,773.41,564.42,2.03,..,1.18,37.82,217.63,200.08,136.74,130.93,1861.37,35.09,2649.80,726.44,6571.96,8062.40,1531.76,385.34,459.62,5.71,85.92
1998,15.90,15.48,14.76,17.46,35.57,32.66,2.54,2.94,3.67,47.31,2.04,3.63,2.22,2.49,2.52,2.63,2.31,800.67,1203.28,805.54,1106.74,816.69,835.66,296.03,761.73,207.29,103.51,124.12,119.31,370.15,316.24,259.24,..,135.71,153.49,1.22,0.60,0.54,2.09,1.69,3.35,17.33,0.73,0.59,0.24,4059.98,348.54,197.67,640.53,589.20,457.65,1.76,..,0.88,39.55,227.41,210.60,101.27,136.91,1652.01,37.73,2012.95,643.34,6742.45,5634.02,1246.75,357.99,453.05,6.76,82.17
1999,22.42,22.10,21.30,23.87,32.13,30.12,2.81,2.64,3.89,49.36,1.41,2.84,1.85,2.28,2.05,2.57,2.23,914.59,1071.62,506.11,1033.41,541.00,861.24,250.23,529.17,204.94,94.23,111.94,104.71,308.24,268.38,239.00,..,119.46,139.03,1.06,0.46,0.54,2.25,1.64,3.24,15.32,0.73,0.58,0.17,3773.58,334.12,232.17,564.79,745.51,546.65,1.45,0.73,0.78,53.11,212.31,191.70,81.82,139.59,1688.88,34.23,1951.65,623.66,6704.96,7458.90,1335.55,345.90,467.73,6.47,80.59
2000,35.48,35.54,32.79,38.13,32.99,33.40,5.42,4.85,5.92,92.83,1.14,2.41,1.15,2.36,2.25,2.27,2.55,566.03,1094.37,512.67,951.19,389.96,557.44,266.26,425.01,256.03,97.08,111.28,110.61,254.40,217.21,180.33,..,124.33,143.40,0.90,0.53,0.46,2.42,1.65,3.29,17.62,0.70,0.54,0.23,3740.86,346.19,238.75,614.70,747.49,563.40,1.64,0.79,0.84,55.30,185.61,173.09,126.85,141.40,1947.14,36.19,2279.38,570.57,6832.24,10856.94,1417.97,350.72,684.56,6.23,79.56
2001,31.80,31.89,29.66,33.85,42.20,44.22,5.17,5.30,6.05,92.02,1.40,1.79,0.79,2.09,2.11,2.17,1.98,415.38,1131.44,607.66,991.47,375.39,398.69,255.73,461.28,267.23,122.67,117.06,124.36,225.71,199.88,175.13,..,140.67,165.60,1.01,0.76,0.78,2.75,1.83,3.80,17.86,0.69,0.61,0.25,3923.66,347.43,207.70,616.29,628.59,535.16,1.38,0.67,0.75,57.46,187.41,165.68,125.96,146.91,1885.21,39.22,2061.05,621.80,5856.13,7763.08,1156.70,353.88,691.50,5.71,76.58
2002,32.94,32.99,31.34,34.48,33.44,34.39,4.43,4.03,5.66,76.83,2.35,1.79,0.87,1.99,2.06,1.93,1.97,556.27,955.76,844.09,950.59,542.92,545.06,281.00,610.06,258.58,143.98,131.17,134.43,253.52,231.20,198.44,..,171.71,195.66,1.00,0.70,0.75,2.79,1.84,4.36,13.73,0.73,0.61,0.20,3626.28,311.86,215.91,642.61,696.08,532.13,1.35,0.99,1.01,58.14,201.09,175.82,124.76,148.65,1783.65,38.73,2060.54,598.13,5365.16,8947.54,1028.97,409.57,712.86,6.08,75.68
2003,36.30,36.24,33.58,39.07,32.77,37.98,6.90,4.91,5.94,111.12,2.20,1.78,1.02,1.90,1.94,1.84,1.94,586.97,1252.46,804.26,1519.06,598.74,574.04,331.58,701.58,292.20,131.55,132.34,133.81,248.21,228.24,190.24,..,174.05,183.56,0.99,0.47,0.86,2.67,1.83,4.88,13.54,0.75,0.59,0.20,3323.50,351.03,235.08,692.85,692.04,542.44,1.76,1.26,1.36,55.26,215.61,187.56,173.56,141.30,1797.70,40.13,2234.60,646.88,6147.98,12094.59,1039.58,456.57,868.79,6.12,79.62
2004,44.38,45.05,39.35,48.74,62.27,64.31,6.93,5.03,6.03,112.19,1.82,2.09,0.93,1.98,2.09,2.02,1.83,777.11,1162.16,762.81,1519.10,587.21,773.23,360.48,727.10,305.66,116.42,131.49,129.11,279.52,265.12,241.27,266.18,169.88,184.51,1.05,0.62,1.01,3.14,1.96,5.41,11.90,0.79,0.53,0.19,3222.79,389.65,231.99,689.67,683.67,546.68,1.61,1.42,1.51,51.75,240.80,219.12,205.72,147.66,2017.66,44.57,3370.60,1042.67,10011.91,16257.65,1232.27,481.28,994.22,7.83,85.03
2005,60.88,62.07,56.20,64.36,54.30,52.67,10.17,7.21,6.83,162.37,1.75,2.89,1.27,1.88,2.10,1.85,1.68,703.48,996.78,771.45,1335.15,513.73,719.26,313.20,620.94,269.95,108.41,112.51,109.70,326.40,302.58,248.35,..,154.75,173.71,1.34,0.69,1.00,3.12,1.86,5.06,11.07,0.76,0.54,0.25,3180.75,381.25,231.60,637.52,751.82,579.91,1.39,1.58,1.70,50.17,258.58,229.73,247.82,176.73,2164.44,74.11,4194.64,1113.25,8414.44,16810.98,1574.96,507.21,1022.22,8.33,87.70
2006,71.49,72.72,68.31,73.44,54.59,56.37,7.47,9.42,7.87,140.85,1.77,2.80,1.66,2.08,2.12,1.95,2.17,674.90,973.31,839.97,1133.68,565.24,643.38,298.74,666.47,252.83,129.68,135.50,136.71,339.03,308.17,244.10,..,176.78,213.56,1.00,0.75,0.92,2.95,1.70,4.49,10.68,0.72,0.54,0.36,3301.82,354.16,266.25,692.64,833.29,662.28,1.41,2.16,2.31,48.93,255.62,224.22,247.02,198.31,2857.79,77.10,7475.17,1434.20,9764.48,26971.47,3642.20,672.04,1268.57,12.85,89.93
2007,74.52,76.18,71.64,75.75,68.88,65.65,7.32,8.96,8.05,136.92,2.05,2.85,2.00,2.13,2.64,2.01,1.74,962.88,1307.30,1222.36,1441.00,855.80,930.95,401.45,928.49,337.36,180.64,171.50,170.49,342.07,321.18,285.36,..,250.01,267.43,1.09,0.71,1.00,2.82,1.81,4.32,10.14,0.71,0.48,0.23,3473.82,399.58,280.81,796.23,844.91,671.40,1.46,2.26,2.37,54.51,410.73,355.29,321.82,204.78,2764.53,128.88,7459.13,2703.55,15233.03,39012.80,3397.64,730.09,1367.44,14.03,95.43
2008,94.32,94.95,91.19,96.81,123.60,117.27,8.61,13.04,12.18,174.82,2.51,3.00,2.26,2.35,2.71,2.19,2.16,1190.27,1556.87,1170.36,2085.64,1014.18,1093.88,507.49,1226.07,429.95,194.99,216.97,202.10,632.27,..,468.99,..,264.04,317.05,1.15,0.82,1.08,3.15,1.81,4.46,10.22,0.68,0.46,0.27,3489.84,512.37,284.24,931.87,864.59,627.67,1.53,2.46,2.51,236.05,837.87,855.15,500.79,443.40,2501.89,151.69,6764.19,2033.05,17999.99,20528.88,1823.05,847.68,1531.11,14.58,102.83
2009,64.02,64.13,64.02,63.91,74.48,67.06,4.10,9.03,9.26,98.93,2.99,3.29,1.70,2.82,3.25,2.61,2.61,751.98,1171.46,1234.79,1402.21,768.33,724.66,439.16,884.35,439.11,133.03,171.58,156.59,575.35,474.87,338.33,..,192.77,232.29,1.19,0.88,0.94,2.83,1.96,4.43,9.25,0.54,0.57,0.41,4390.53,436.93,297.74,776.39,835.07,585.33,1.43,1.87,1.99,230.92,299.05,266.86,260.29,578.96,1725.89,82.91,5338.61,1782.32,14071.72,15192.11,1715.82,1008.65,1247.54,15.18,96.46
2010,79.04,79.64,78.06,79.43,98.97,91.62,4.39,8.29,10.85,100.00,3.13,4.32,1.74,2.88,3.29,2.81,2.56,1123.58,1240.66,1138.96,1400.99,933.02,1187.41,447.10,1000.86,398.35,158.39,185.91,165.40,488.91,441.51,383.66,429.19,229.68,223.58,1.00,0.87,1.03,3.42,1.89,5.31,10.64,0.44,0.79,0.47,4333.23,428.56,278.17,812.69,848.27,569.09,2.28,3.38,3.65,105.31,456.43,381.89,288.90,332.15,2173.12,145.86,7534.78,2148.45,20405.62,21808.85,2160.74,1224.66,1609.75,20.15,100.00
2011,93.71,99.95,95.53,85.64,109.42,104.78,3.60,9.47,13.20,97.73,2.68,5.38,2.17,2.63,2.94,2.50,2.45,1558.69,1697.21,1299.20,1681.23,1075.15,1489.83,484.27,1169.11,368.19,186.67,262.79,242.12,489.23,455.91,413.13,462.76,257.59,284.93,1.01,0.87,0.80,3.67,1.74,5.97,10.91,0.41,0.76,0.52,4040.74,436.78,351.83,743.95,846.38,547.36,3.00,4.07,4.35,147.35,465.14,484.94,359.40,353.91,2163.49,151.14,7953.63,2162.98,23472.68,20640.75,1976.56,1413.76,1549.14,31.73,111.04
2012,95.31,101.63,98.85,85.46,87.46,84.34,2.50,10.41,15.02,90.02,2.17,3.73,2.06,2.63,2.78,2.50,2.61,1008.24,2217.21,1386.68,2141.19,947.04,1005.11,540.51,1112.41,482.59,218.09,270.86,246.82,510.99,493.58,476.58,394.32,268.09,284.31,1.00,0.89,0.79,3.82,1.89,5.53,10.41,0.38,0.58,0.43,3905.01,409.70,327.22,689.19,795.41,553.97,1.79,2.86,3.07,167.85,435.89,419.33,361.79,422.40,1836.42,116.63,7226.99,1873.96,19174.91,15926.95,1770.28,1515.33,1407.61,28.26,110.23
2013,94.88,99.24,96.12,89.29,77.09,73.15,3.39,10.74,14.55,102.16,2.22,2.80,1.89,2.61,3.15,2.49,2.19,856.44,1380.47,1596.08,1659.72,793.77,817.65,502.66,962.12,495.43,185.07,236.47,221.78,461.18,431.16,432.10,357.72,252.28,284.65,0.93,0.84,0.88,3.76,1.98,4.72,12.92,0.40,0.41,0.36,4183.27,422.56,278.44,682.96,777.43,510.72,1.82,2.29,2.55,115.16,374.65,347.10,309.60,360.09,1683.47,123.40,6684.11,1950.68,20313.50,13703.33,1741.43,1286.72,1355.17,21.74,109.75
2014,88.93,91.42,89.32,86.04,64.80,66.85,4.04,9.29,14.82,103.23,2.83,4.09,2.05,2.51,3.27,2.38,1.89,1183.84,1162.77,1553.03,1289.06,773.88,1034.67,448.04,837.17,482.79,134.82,178.23,194.42,390.73,353.15,392.86,376.29,226.59,263.25,0.96,0.86,0.72,4.67,2.15,5.90,16.44,0.40,0.49,0.35,4611.80,429.84,260.62,729.51,829.76,478.04,1.69,1.58,1.80,102.07,396.97,352.99,285.02,274.10,1725.62,89.59,6342.23,1936.34,20235.99,15610.58,1996.88,1169.48,1278.51,17.62,108.25
2015,51.86,53.52,52.30,49.78,60.23,57.95,2.67,6.97,11.17,73.14,3.20,3.60,1.98,2.84,3.04,2.44,3.03,1127.67,1333.44,1588.20,1408.12,677.91,923.12,400.71,772.17,397.98,123.99,173.47,206.04,394.45,380.74,394.48,359.54,210.89,208.92,0.92,0.98,0.69,4.66,2.03,5.33,13.50,0.37,0.56,0.30,5015.73,397.08,251.40,748.61,851.49,461.13,1.59,1.40,1.61,122.95,425.74,385.87,284.02,302.55,1701.12,57.08,5631.08,1826.95,16418.32,12122.30,1973.96,1186.07,1076.26,16.06,97.87
2016,45.53,46.84,43.81,45.93,70.32,68.00,2.65,4.85,7.84,60.57,3.07,3.84,2.08,2.86,3.51,2.48,2.58,1575.79,1481.24,1585.22,1468.23,782.38,1383.89,431.17,866.70,398.43,110.51,169.26,165.46,421.30,409.78,404.47,378.69,187.49,177.21,0.96,1.06,0.95,4.32,1.97,4.99,11.93,0.38,0.65,0.42,5094.45,411.99,291.79,690.82,785.76,535.20,1.74,1.47,1.71,117.46,335.85,308.69,206.45,276.85,1705.97,62.13,5176.76,1985.09,19071.64,10203.98,2222.58,1328.24,1049.72,18.23,94.03
2017,54.26,55.89,54.58,52.31,90.95,87.49,3.04,5.87,8.84,70.86,2.09,3.41,2.29,3.24,4.16,2.49,3.05,1696.08,1527.60,1404.59,1501.00,771.48,1323.93,404.21,873.80,359.88,100.33,158.78,167.51,409.90,395.25,390.36,373.24,183.09,178.99,0.92,1.11,0.83,4.51,2.18,5.57,13.68,0.38,0.63,0.36,4754.73,406.10,272.73,634.27,721.43,500.26,1.89,1.71,2.05,92.16,331.92,291.00,219.76,224.24,2021.81,73.74,6339.76,2378.37,20613.34,10696.15,2970.44,1292.17,974.56,17.54,97.29
2018,67.15,69.83,67.94,63.69,105.15,95.94,3.10,7.55,10.48,80.68,2.25,2.87,1.84,2.80,3.54,2.32,2.53,979.34,1296.79,1498.43,1420.76,627.49,910.28,387.53,775.32,398.14,123.68,161.54,165.64,413.31,400.95,394.06,399.04,200.33,206.26,0.93,1.13,0.78,4.12,2.20,5.77,12.02,0.38,0.55,0.27,4780.87,406.32,264.99,628.80,715.21,486.05,1.98,1.34,1.54,86.36,386.55,340.67,245.09,211.73,2071.61,68.53,6415.62,2201.26,19792.95,12884.75,2871.28,1247.03,864.17,15.44,101.86
2019,61.73,64.37,63.51,57.31,78.29,72.32,2.58,4.83,10.62,61.47,2.35,2.89,1.63,2.58,3.12,2.39,2.22,739.51,1344.83,1455.59,1414.76,604.52,668.88,370.88,769.46,348.84,128.74,170.96,162.35,420.19,412.57,395.56,353.73,212.38,202.75,0.88,1.15,0.56,4.79,2.01,..,12.67,0.37,0.58,0.28,4603.39,393.97,274.54,615.02,699.54,503.56,1.73,1.42,1.65,88.42,307.96,296.09,246.57,256.84,1803.90,94.34,6041.68,2006.98,18759.07,13986.92,2563.79,1399.81,868.52,16.30,99.48
2020,41.68,42.73,42.60,39.71,61.41,66.33,2.03,3.28,8.40,45.97,2.39,3.36,1.53,2.73,3.44,2.71,2.03,1020.72,1857.44,1447.32,1689.49,759.44,832.48,410.79,846.31,398.20,98.60,167.16,173.33,501.82,486.75,479.46,432.33,230.06,233.93,0.91,1.23,0.61,4.71,1.65,..,12.80,0.38,0.60,0.29,4380.55,403.54,281.78,621.45,706.85,516.85,1.60,1.34,1.75,76.83,315.61,267.74,231.44,220.01,1721.38,110.03,6236.79,1843.51,17299.41,13928.00,2289.58,1788.32,892.41,20.75,98.99
2021,68.68,70.04,68.41,67.58,137.27,119.16,3.83,16.02,10.70,129.93,2.41,4.49,1.97,2.67,3.11,2.81,2.10,1627.03,1546.21,1472.48,..,1124.16,1524.38,580.01,1377.54,478.25,..,258.07,..,455.65,445.71,433.61,443.81,280.06,313.45,0.92,1.20,0.65,5.36,2.24,..,13.62,0.38,0.74,0.39,4131.16,411.87,269.81,655.60,745.70,494.89,2.22,1.67,2.06,122.51,597.55,535.13,480.46,209.02,2458.81,160.79,9264.17,2187.88,32200.34,18360.16,2985.48,1789.41,1084.94,25.02,100.57
